date,symbol,close,change,market cap,eps,ma50,diff50,ma200,diff200,industry
15th Feb,RELIANCE,2941.20,-0.727,1990047.98,103.41,2680.33,9.73,2512.66,17.06,refineries
15th Feb,TCS,4103.20,0.076,1484573.67,122.69,3839.56,6.87,3504.70,17.08,computers - software - large
15th Feb,HDFCBANK,1414.05,2.17,1073615.30,89.71,1571.73,-10.03,1589.13,-11.02,banks - private sector
15th Feb,ICICIBANK,1016.65,-0.592,713162.32,60.68,1006.80,0.978,964.55,5.40,banks - private sector
15th Feb,INFY,1676.35,0.609,695760.28,58.93,1591.18,5.35,1432.86,16.99,computers - software - large
15th Feb,SBIN,761.70,2.46,679787.69,71.48,644.49,18.19,596.85,27.62,banks - public sector
15th Feb,BHARTIARTL,1120.70,0.435,674349.90,14.77,1070.89,4.65,931.90,20.26,telecommunications - service provider
15th Feb,LICI,1056.10,-1.35,667983.01,63.76,879.79,20.04,689.25,53.23,finance & investments
15th Feb,HINDUNILVR,2350.85,-1.55,552353.66,43.91,2516.34,-6.58,2557.19,-8.07,personal care - multinational
15th Feb,ITC,403.90,-1.86,503889.83,16.49,452.14,-10.67,447.51,-9.74,cigarettes
15th Feb,LT,3300.30,-0.263,453642.18,90.49,3471.39,-4.93,2879.07,14.63,engineering - turnkey services
15th Feb,HCLTECH,1662.55,-0.535,451160.39,57.97,1510.98,10.03,1273.26,30.57,computers - software - large
15th Feb,BAJFINANCE,6619.40,-0.408,409094.20,227.17,7215.61,-8.26,7273.43,-8.99,finance & investments
15th Feb,ADANIENT,3193.80,-0.418,364093.56,30.82,2996.99,6.57,2530.89,26.19,trading
15th Feb,SUNPHARMA,1509.90,-0.691,362275.59,37.10,1336.56,12.97,1150.92,31.19,pharmaceuticals - indian - bulk drugs & formln
15th Feb,ONGC,277.30,3.14,348851.14,33.33,226.72,22.31,188.40,47.19,oil drilling / allied services
15th Feb,MARUTI,11090.25,0.565,348680.31,394.42,10302.10,7.65,10006.02,10.84,automobiles - passenger cars
15th Feb,KOTAKBANK,1739.25,-0.555,345702.43,87.58,1822,-4.54,1823.93,-4.64,banks - private sector
15th Feb,AXISBANK,1072.20,-2.25,330668.52,43.56,1095.72,-2.15,1005.31,6.65,banks - private sector
15th Feb,NTPC,339.25,3.43,328959.40,20.12,311.08,9.05,238.52,42.23,power generation and supply
15th Feb,TITAN,3622.05,1.02,321560.59,38.92,3665.38,-1.18,3223.17,12.38,diamond cutting / jewellery
15th Feb,TATAMOTORS,920.55,0.245,305884.69,50.59,805.85,14.23,656.59,40.20,automobiles - lcvs / hcvs
15th Feb,ADANIGREEN,1900.75,2.62,301084.97,8.46,1649.48,15.23,1139.40,66.82,power generation and supply
15th Feb,COALINDIA,476.85,2.25,293869.70,47.66,389.98,22.28,295.65,61.29,mining / minerals / metals
15th Feb,ASIANPAINT,3016.55,1.35,289346.81,56.71,3183.46,-5.24,3202.31,-5.80,paints / varnishes
15th Feb,ULTRACEMCO,9814.30,0.271,283325.76,222.47,9962.24,-1.49,8687.15,12.97,cement - north india
15th Feb,ADANIPORTS,1267.05,-0.063,273700.41,33.46,1141.45,11.00,866.90,46.16,miscellaneous
15th Feb,WIPRO,518.50,0.777,270885.26,21.06,465.67,11.35,417.61,24.16,computers - software - large
15th Feb,IOC,189.85,3.43,268091.71,34.04,142.07,33.63,105.48,79.98,refineries
15th Feb,POWERGRID,281.65,2.92,261951.51,19.75,245.77,14.60,205.29,37.19,power generation and supply
15th Feb,BAJAJFINSV,1569.40,-0.652,250396.01,49,1648.46,-4.80,1566.67,0.174,finance & investments
15th Feb,DMART,3678.60,-1.18,239378.67,37.44,3874.22,-5.05,3750.81,-1.93,trading
15th Feb,BAJAJ-AUTO,8123.05,0.492,230028.33,261.70,7037.05,15.43,5462.65,48.70,automobiles - scooters and 3 - wheelers
15th Feb,M&M,1765.05,6.52,219489.06,100.11,1661.21,6.25,1527.94,15.52,automobiles - passenger cars
15th Feb,ADANIPOWER,561.85,-0.363,216702.11,57.80,539.62,4.12,368.54,52.45,power generation and supply
15th Feb,DLF,851.40,0.901,210748.04,9.60,752.96,13.07,577.02,47.55,construction
15th Feb,IRFC,158.90,2.98,207658.56,4.67,124.52,27.61,71.02,123.75,finance - term-lending institutions
15th Feb,HAL,3023.20,2.24,202184.06,146.37,2892.90,4.50,2138.83,41.35,engineering
15th Feb,JSWSTEEL,812.35,-0.111,198656.45,46.26,832.03,-2.37,785.25,3.45,steel - large
15th Feb,VBL,1425.30,-0.377,185177.11,19.14,1249.20,14.10,971.56,46.70,food - processing - indian
15th Feb,TATASTEEL,141.20,0,174859.68,-2.73,135.49,4.21,122.81,14.97,steel - large
15th Feb,LTIM,5522.30,0.311,163445.33,155.34,5819.38,-5.11,5293.37,4.32,computers - software - large
15th Feb,SIEMENS,4346.75,-0.746,154796.57,56.32,4086.85,6.36,3768.65,15.34,electric equipment
15th Feb,SBILIFE,1453.35,-0.024,145515.24,18.58,1433.87,1.36,1329.72,9.30,finance & investments
15th Feb,PFC,435.45,0.196,143702.93,64.02,411.24,5.89,261.94,66.24,finance - term-lending institutions
15th Feb,BANKBARODA,275.70,2.95,142574.46,36.53,233.59,18.03,205.36,34.25,banks - public sector
15th Feb,PNB,128.85,4.80,141876.94,6.93,101.53,26.91,73.63,75.00,banks - public sector
15th Feb,GRASIM,2084.80,0.240,141873.98,85.67,2093.38,-0.410,1901.87,9.62,textiles - manmade
15th Feb,BPCL,652.75,4.67,141597.97,135.90,491.63,32.77,398.67,63.73,refineries
15th Feb,TRENT,3952.65,0.807,140511.75,23.53,3163.34,24.95,2239.08,76.53,trading
15th Feb,BEL,185.95,2.40,135925.34,4.89,179.77,3.44,141.52,31.40,electronics - components
15th Feb,PIDILITIND,2653.55,-0.362,134962.03,33.67,2652.33,0.046,2563.21,3.52,chemicals
15th Feb,ZOMATO,154.85,1.71,134888.53,-0.030,132.92,16.50,101.55,52.49,miscellaneous
15th Feb,HINDZINC,314.90,1.50,133055.30,19.65,315.93,-0.326,312.70,0.705,mining / minerals / metals
15th Feb,IOB,69.15,3.21,130710.18,1.33,49.01,41.09,36.50,89.45,banks - public sector
15th Feb,RECLTD,483.35,0.363,127276.88,49.73,444.77,8.67,279.06,73.20,finance - term-lending institutions
15th Feb,TECHM,1300.35,0.576,126935.54,31.87,1293.14,0.557,1197.61,8.58,computers - software - large
15th Feb,GODREJCP,1231.80,2.60,125991.01,17.45,1136.64,8.37,1046.94,17.66,personal care - indian
15th Feb,HDFCLIFE,585.10,-0.043,125835.09,7.11,626.52,-6.61,626.74,-6.64,finance & investments
15th Feb,GAIL,184.25,4.54,121146.21,12.27,160.93,14.49,127.58,44.42,miscellaneous
15th Feb,TATAPOWER,378.85,1.38,121055.44,10.78,350.90,7.96,265.71,42.58,power generation and supply
15th Feb,BRITANNIA,4950.55,-1.20,119243.05,89.71,5090.30,-2.75,4798.38,3.17,food - processing - mnc
15th Feb,ADANIENSOL,1052,1.45,117349.83,10.45,1083.73,-2.93,882.61,19.19,power generation and supply
15th Feb,INDIGO,3028.85,-2.12,116896.99,186.59,2992.42,1.22,2610.14,16.04,transport - airlines
15th Feb,HINDALCO,513.20,1.06,115327.15,42.28,566.99,-9.49,482.96,6.26,aluminium and aluminium products
15th Feb,INDUSINDBK,1476.95,-0.307,114867.15,111.68,1557.02,-5.14,1425.61,3.60,banks - private sector
15th Feb,CIPLA,1422.35,-0.210,114833.48,45.94,1310.24,8.56,1166.09,21.98,pharmaceuticals - indian - bulk drugs & formln
15th Feb,AMBUJACEM,572.25,0.236,113628.55,15.94,534.68,7.03,458.57,24.79,cement - north india
15th Feb,ATGL,1007.45,-0.302,110800.37,5.44,1032.91,-2.47,747.88,34.71,miscellaneous
15th Feb,UNIONBANK,145.75,4.82,108036.43,18.93,130.52,11.67,99.37,46.68,banks - public sector
15th Feb,TATACONSUM,1131.40,-0.370,107803.73,12.94,1080.90,4.67,913.30,23.88,tea
15th Feb,EICHERMOT,3916.55,0.385,107225.54,140.19,3898.37,0.466,3591.94,9.04,automobiles - motorcycles / mopeds
15th Feb,CANBK,587.05,3.64,106498.52,80.82,471.92,24.40,375.70,56.26,banks - public sector
15th Feb,DRREDDY,6252.65,-0.091,104300.08,314.37,5828.75,7.27,5437.65,14.99,pharmaceuticals - indian - bulk drugs & formln
15th Feb,LODHA,1059.85,-3.25,102219.27,24.61,1042.11,1.70,789.77,34.20,construction
15th Feb,VEDL,267.95,-4.18,99602.54,12.80,263.64,1.63,256.12,4.62,mining / minerals / metals
15th Feb,TVSMOTOR,2093,0.242,99435.73,34.42,2004.69,4.41,1579.48,32.51,automobiles - motorcycles / mopeds
15th Feb,DIVISLAB,3708.85,-0.290,98458.31,52.11,3759.41,-1.34,3633.97,2.06,pharmaceuticals - indian - bulk drugs
15th Feb,BAJAJHLDNG,8769.10,0.054,97594.39,530.50,8153.33,7.55,7365.93,19.05,finance & investments
15th Feb,IDBI,89.75,3.70,96502.81,4.96,74.28,20.83,64.34,39.49,banks - private sector
15th Feb,DABUR,544.20,-0.018,96434.25,10.13,544.04,0.030,549.86,-1.03,personal care - indian
15th Feb,HEROMOTOCO,4816.95,0.060,96284.64,180.88,4261.51,13.03,3327.20,44.77,automobiles - motorcycles / mopeds
15th Feb,APOLLOHOSP,6627.60,-1.87,95294.72,54.90,5921.62,11.92,5237.95,26.53,healthcare
15th Feb,SHREECEM,26332.90,-2.10,95011.07,622.66,27809.68,-5.31,25822.24,1.98,cement - north india
15th Feb,ABB,4468.60,-1.97,94693.38,57.06,4702.12,-4.97,4346.30,2.81,electric equipment
15th Feb,CHOLAFIN,1124.50,-0.062,94420.37,38.84,1212.06,-7.22,1142.01,-1.53,finance & investments
15th Feb,NHPC,92.60,4.57,93017.02,3.70,75.38,22.85,55.75,66.11,power generation and supply
15th Feb,SHRIRAMFIN,2437.60,1.85,91555.04,176.85,2207.25,10.44,1868.77,30.44,finance & investments
15th Feb,ZYDUSLIFE,878.95,1.28,88967.68,29.38,720.56,21.98,623.20,41.04,pharmaceuticals - indian - bulk drugs & formln
15th Feb,MANKIND,2211.50,0.509,88590.13,43.12,2058.53,7.43,NaN,NaN,pharmaceuticals - indian - bulk drugs & formln
15th Feb,TORNTPHARM,2577.85,-1.01,87246.16,44.15,2374.15,8.58,2015.53,27.90,pharmaceuticals - indian - formulations
15th Feb,HAVELLS,1380.65,-0.007,86522.99,18.85,1359.54,1.55,1329.03,3.88,electric equipment
15th Feb,MAXHEALTH,864.10,-1.77,83975.49,10.88,735.76,17.44,614.24,40.68,healthcare
15th Feb,YESBANK,29,1.05,83408.57,0.350,23.91,21.31,18.83,54.05,banks - private sector
15th Feb,MCDOWELL-N,1144.05,1.32,83212.57,17.87,1090.59,4.90,1001.00,14.29,breweries & distilleries
15th Feb,BOSCHLTD,27955.10,2.03,82449.77,788.51,23082.77,21.11,20228.39,38.20,auto ancillaries
15th Feb,HINDPETRO,575,5.83,81566.53,119.23,436.84,31.63,313.90,83.18,refineries
15th Feb,ICICIGI,1649.55,0.607,81204.79,37.38,1470.45,12.18,1350.83,22.11,finance & investments
15th Feb,HDFCAMC,3783,0.126,80761.00,83.31,3352.49,12.84,2653.11,42.59,finance & investments
15th Feb,JSWENERGY,484.15,0.928,79626.97,10,459.51,5.36,366.98,31.93,power generation and supply
15th Feb,BHEL,227.55,1.38,79234.35,-0.350,202.76,12.23,132.93,71.18,electric equipment
15th Feb,JINDALSTEL,765.20,0.930,78057.14,54.41,734.78,4.14,655.84,16.68,steel - sponge iron
15th Feb,IDEA,15.95,2.57,77644.10,-6.33,14.75,8.16,10.84,47.20,telecommunications - service provider
15th Feb,MOTHERSON,113.25,-0.701,76742.97,2.96,106.17,6.67,94.48,19.87,auto ancillaries
15th Feb,IRCTC,951.50,2.40,76120,13.81,900.79,5.63,720.39,32.08,travel agencies
15th Feb,INDHOTEL,527.60,-0.019,75100.28,8.24,468.31,12.66,414.63,27.25,hotels
15th Feb,UCOBANK,61.60,4.58,73648.70,1.50,44.71,37.77,35.78,72.17,banks - public sector
15th Feb,LUPIN,1605.10,-0.413,73084.46,39.36,1400.61,14.60,1113.23,44.18,pharmaceuticals - indian - bulk drugs & formln
15th Feb,CUMMINSIND,2633.35,2.74,72996.46,55.22,2122.49,24.07,1860.47,41.54,engines
15th Feb,ICICIPRULI,505.10,-0.727,72737.20,6.34,520.66,-2.99,531.42,-4.95,finance & investments
15th Feb,NMDC,246.95,4.84,72371.31,20,212.00,16.49,150.79,63.77,mining / minerals / metals
15th Feb,INDIANB,525.50,-0.076,70782.96,61.12,457.62,14.83,385.16,36.44,banks - public sector
15th Feb,COLPAL,2589.95,-0.187,70442.92,46.33,2468.02,4.94,2040.97,26.90,personal care - multinational
15th Feb,SRF,2350.55,-0.322,69676.14,49.79,2367.95,-0.735,2344.81,0.245,chemicals
15th Feb,POLYCAB,4564.95,4.81,68550.27,110.93,4882.32,-6.50,4586.81,-0.477,cables - power
15th Feb,SBICARD,713.55,-0.779,67841.29,24.73,748.88,-4.72,809.23,-11.82,finance & investments
15th Feb,OFSS,7811.80,0.592,67677.91,247.20,5377.31,45.27,4284.32,82.33,computers - software - medium / small
15th Feb,GICRE,385.35,1.42,67605.80,59.73,336.16,14.63,241.26,59.73,finance & investments
15th Feb,MARICO,522,-0.949,67539.07,11.34,531.88,-1.86,541.75,-3.65,solvent extraction
15th Feb,TIINDIA,3480.30,-0.480,67301.00,77,3707.55,-6.13,3206.62,8.53,auto ancillaries
15th Feb,PERSISTENT,8725.25,1.26,67118.99,136.98,7669.41,13.77,5951.50,46.61,computers - software - medium / small
15th Feb,CGPOWER,438.60,0.263,66986.66,10.60,454.24,-3.44,411.17,6.67,electric equipment
15th Feb,NAUKRI,5163.35,0.994,66805.55,18.74,5116.90,0.908,4526.99,14.06,miscellaneous
15th Feb,BANKINDIA,142.95,5.27,65080.39,15.49,124.82,14.53,98.52,45.10,banks - public sector
15th Feb,BERGEPAINT,553.40,-1.33,64512.26,10.63,577.91,-4.24,626.29,-11.64,paints / varnishes
15th Feb,SUZLON,47.05,2.17,64047.70,0.760,41.77,12.64,27.09,73.66,electric equipment
15th Feb,ALKEM,5310.55,1.39,63495.59,131.58,5026.61,5.65,4041.49,31.40,pharmaceuticals - indian - bulk drugs & formln
15th Feb,GODREJPROP,2283.60,-1.32,63493.13,24.05,2166.56,5.40,1738.34,31.37,construction
15th Feb,MRF,148509.84,0.832,62985.15,4776.52,132098.93,12.42,111480.37,33.22,tyres
15th Feb,ABBOTINDIA,29183.95,-0.625,62013.86,539.09,24922.29,17.10,23400.81,24.71,pharmaceuticals - multinational
15th Feb,SOLARINDS,6765.80,-3.62,61223.76,89.19,6727.85,0.564,5099.68,32.67,chemicals
15th Feb,OIL,563.15,12.91,61068.28,54.75,396.35,42.08,308.10,82.78,oil drilling / allied services
15th Feb,INDUSTOWER,221.25,2.45,59625.48,20.72,208.62,6.05,181.17,22.12,transmisson line towers / equipment
15th Feb,AUROPHARMA,1017.20,2.12,59601.68,47.25,1074.32,-5.32,874.35,16.34,pharmaceuticals - indian - bulk drugs & formln
15th Feb,CENTRALBK,67.45,2.82,58552.94,2.82,54.28,24.26,40.93,64.78,banks - public sector
15th Feb,CONCOR,955.15,1.65,58196.75,20.09,877.11,8.90,737.02,29.60,miscellaneous
15th Feb,TORNTPOWER,1208.45,6.87,58080.14,38.53,1004.97,20.25,759.45,59.12,power generation and supply
15th Feb,PATANJALI,1601.40,1.82,57969.86,22.73,1587.14,0.898,1319.70,21.35,solvent extraction
15th Feb,LTTS,5432.60,0.552,57445.75,123.30,5304.55,2.41,4492.02,20.94,computers - software - large
15th Feb,IDFCFIRSTB,81.25,0.495,57417.88,4.56,85.55,-5.03,83.84,-3.09,banks - private sector
15th Feb,GMRINFRA,90.35,0.556,54534.77,-1.46,80.24,12.61,59.19,52.63,engineering - turnkey services
15th Feb,PIIND,3567.60,4.37,54126.96,104.99,3446.43,3.52,3567.48,0.003,pesticides / agrochemicals - indian
15th Feb,RVNL,259.40,4.24,54085.42,6.98,224.03,15.79,161.32,60.80,construction
15th Feb,MUTHOOTFIN,1343.35,-2.60,53929.99,99.21,1433.48,-6.29,1292.71,3.92,finance & investments
15th Feb,PGHH,16485.45,-0.724,53512.98,232.85,17094.14,-3.56,16170.29,1.95,personal care - multinational
15th Feb,ASTRAL,1955.25,0.251,52523.30,21.23,1877.86,4.12,1876.86,4.18,plastics products
15th Feb,SAIL,125.75,2.28,51941.36,7.50,117.10,7.39,95.68,31.42,steel - large
15th Feb,BHARATFORG,1110.45,0.484,51701.29,18.27,1220.18,-8.99,1020.97,8.76,castings & forgings
15th Feb,ASHOKLEY,174.50,0.489,51235.42,8.11,175.24,-0.422,171.68,1.64,automobiles - lcvs / hcvs
15th Feb,MPHASIS,2708.60,5.81,51128.63,83.12,2592.97,4.46,2280.65,18.76,computers - software - large
15th Feb,FACT,778.10,4.50,50348.67,5.77,804.50,-3.28,577.26,34.79,fertilizers
15th Feb,TATACOMM,1754.50,0.103,50003.25,34.14,1734.69,1.14,1661.38,5.61,telecommunications - service provider
15th Feb,ACC,2637.65,0.689,49531.71,86.63,2325.81,13.41,2002.33,31.73,cement - north india
15th Feb,JSL,599.25,5.39,49344.32,36.17,575.26,4.17,446.56,34.19,steel - large
15th Feb,SJVN,124.95,3.65,49102.79,2.20,105.85,18.04,69.73,79.18,power generation and supply
15th Feb,PHOENIXLTD,2744.15,6.40,49028.19,57.50,2417.17,13.53,1920.46,42.89,construction
15th Feb,SUPREMEIND,3803.90,0.187,48319.75,84.58,4278.11,-11.08,3868.98,-1.68,plastics products
15th Feb,LINDEINDIA,5605.45,1.10,47805.64,50.18,5636.40,-0.549,5308.07,5.60,chemicals
15th Feb,OBEROIRLTY,1309.20,-0.923,47602.80,44.53,1420.15,-7.81,1177.24,11.21,construction
15th Feb,IREDA,177.05,4.98,47586.87,4.80,131.06,35.09,NaN,NaN,finance - term-lending institutions
15th Feb,SCHAEFFLER,3022.60,1.49,47244.35,58.92,3137.09,-3.65,3053.70,-1.02,bearings
15th Feb,ABCAPITAL,181.30,-0.657,47130.09,10.74,171.53,5.69,176.86,2.51,finance & investments
15th Feb,PSB,69.20,5.81,46902.28,1.35,49.59,39.53,39.96,73.18,banks - public sector
15th Feb,UBL,1763.95,1.87,46639.75,12.81,1779.68,-0.884,1596.57,10.48,breweries & distilleries
15th Feb,JSWINFRA,221.95,2.09,46609.53,6.06,217.84,1.89,NaN,NaN,miscellaneous
15th Feb,TATAELXSI,7470.20,0.547,46521.75,127.98,8331.55,-10.34,7692.47,-2.89,computers - software - medium / small
15th Feb,PRESTIGE,1132.50,2.88,45397.58,42.46,1210.35,-6.43,778.93,45.39,construction
15th Feb,BALKRISIND,2334.85,-0.689,45136.66,64.38,2524.26,-7.50,2452.48,-4.80,tyres
15th Feb,KPITTECH,1643.25,0.357,45048.68,20.01,1530.30,7.38,1239.14,32.61,computers - software - medium / small
15th Feb,TATATECH,1107.10,0.027,44911.56,18.21,1165.18,-4.98,NaN,NaN,computers - software - medium / small
15th Feb,MAHABANK,62.25,3.84,44081.55,5.31,50.81,22.52,40.82,52.51,banks - public sector
15th Feb,AWL,337.05,-0.237,43805.67,0.650,360.65,-6.54,371.29,-9.22,solvent extraction
15th Feb,NYKAA,153.35,-0.293,43780.81,0.110,168.47,-8.97,149.71,2.43,trading
15th Feb,MAZDOCK,2136.40,-1.03,43089.05,79.34,2215.53,-3.57,1791.79,19.23,miscellaneous
15th Feb,MRPL,244.40,19.83,42833.51,24.95,156.78,55.89,105.66,131.31,refineries
15th Feb,L&TFH,171.60,-0.290,42686.84,9.13,164.47,4.33,134.93,27.18,finance & investments
15th Feb,POLICYBZR,939.30,-0.207,42362.61,-0.060,855.07,9.85,750.26,25.20,computers - software - medium / small
15th Feb,SUNDARMFIN,3755,1.49,41719.50,145.31,3594.37,4.47,2989.93,25.59,finance & investments
15th Feb,PETRONET,277.15,1.84,41572.50,23.38,238.73,16.09,226.66,22.28,miscellaneous
15th Feb,THERMAX,3458.75,2.87,41213.19,54.25,3078.12,12.37,2729.39,26.72,engineering
15th Feb,COFORGE,6644.80,2.67,41033.26,114.08,6262.74,6.10,5263.66,26.24,computers - software - medium / small
15th Feb,HUDCO,203.60,2.75,40758.68,10.27,141.56,43.83,87.71,132.13,finance - housing
15th Feb,NIACL,247.30,-1.45,40755.04,5.66,233.13,6.08,158.44,56.08,finance & investments
15th Feb,PAGEIND,36303.50,0.662,40492.47,483.54,37368.54,-2.85,38501.74,-5.71,textiles - products
15th Feb,KALYANKJIL,391.65,7.52,40342.03,5.14,350.55,11.73,242.00,61.84,diamond cutting / jewellery
15th Feb,GUJGASLTD,580.85,3.77,39985.14,16.01,515.94,12.58,469.27,23.78,miscellaneous
15th Feb,IRB,66.05,-0.900,39887.60,0.910,49.71,32.87,34.85,89.53,construction
15th Feb,APLAPOLLO,1418.60,2.16,39369.63,27.55,1520.11,-6.68,1487.87,-4.66,steel - large
15th Feb,AUBANK,581.90,-1.50,38915.99,23.80,719.17,-19.09,728.05,-20.07,banks - private sector
15th Feb,FLUOROCHEM,3517.50,1.49,38639.74,60.61,3484.11,0.958,3096.10,13.61,chemicals
15th Feb,DALBHARAT,2046.35,-0.244,38378.81,58.67,2254.87,-9.25,2165.36,-5.50,cement - south india
15th Feb,FEDERALBNK,156.60,4.78,38106.80,17.30,150.65,3.95,140.78,11.23,banks - private sector
15th Feb,DIXON,6360.05,0.317,38041.49,60.18,6265.82,1.50,5017.51,26.76,electronics - consumer
15th Feb,POONAWALLA,492.10,1.26,37829.71,20.18,461.84,6.55,394.79,24.65,finance & investments
15th Feb,MEDANTA,1390,5.15,37311.41,16.84,1060.56,31.06,794.96,74.85,healthcare
15th Feb,GLAXO,2199.80,2.15,37265.94,29.99,2066.06,6.47,1597.14,37.73,pharmaceuticals - multinational
15th Feb,UPL,487.35,1.24,36580.86,-7.64,553.81,-12.00,608.23,-19.87,pesticides / agrochemicals - indian
15th Feb,AIAENG,3846.10,-2.17,36276.56,121.20,3780.96,1.72,3481.65,10.47,castings & forgings
15th Feb,VOLTAS,1086.85,0.069,35962.21,8.45,990.97,9.68,862.94,25.95,air-conditioners
15th Feb,SONACOMS,613.20,1.14,35960.61,8.34,599.57,2.27,565.31,8.47,auto ancillaries
15th Feb,M&MFIN,286.45,-0.882,35391.75,15.76,278.96,2.68,288.86,-0.834,finance & investments
15th Feb,NLCINDIA,254.90,7.71,35345.37,18.67,231.49,10.11,149.73,70.24,power generation and supply
15th Feb,LICHSGFIN,637.95,0.212,35091.27,88.51,573.21,11.29,459.91,38.71,finance - housing
15th Feb,UNOMINDA,607.95,-2.46,34848.86,13.51,673.78,-9.77,611.41,-0.566,auto ancillaries
15th Feb,3MINDIA,30788.35,-0.513,34683.29,484.94,33168.87,-7.18,29816.36,3.26,diversified - large
15th Feb,DELHIVERY,461.95,3.95,33955.29,-4.61,407.21,13.44,402.17,14.86,couriers
15th Feb,HONAUT,38264.55,0.695,33831.69,501.49,37136.63,3.04,39051.58,-2.02,electronics - components
15th Feb,CRISIL,4591.10,1.94,33567.19,82.97,4206.63,9.14,3980.02,15.35,miscellaneous
15th Feb,APOLLOTYRE,520.55,0.502,33060.18,28.27,482.36,7.92,418.66,24.34,tyres
15th Feb,BIOCON,274.30,0.957,32932.46,10.04,265.57,3.29,253.47,8.22,pharmaceuticals - indian - bulk drugs & formln
15th Feb,MFSL,949.25,-2.00,32760.02,12.46,945.87,0.357,863.40,9.94,finance & investments
15th Feb,FORTIS,433,1.76,32689.69,7.32,417.47,3.72,346.11,25.10,healthcare
15th Feb,COROMANDEL,1104.65,1.08,32521.23,58.73,1176.71,-6.12,1076.78,2.59,fertilizers
15th Feb,STARHEALTH,555.35,0.753,32493.92,13.80,554.14,0.219,581.90,-4.56,finance & investments
15th Feb,ESCORTS,2904.60,3.38,32095.32,93.56,2960.57,-1.89,2769.43,4.88,automobiles - tractors
15th Feb,JKCEMENT,4139.15,-1.23,31982.49,89.15,4024.32,2.85,3445.17,20.14,cement - north india
15th Feb,BANDHANBNK,197.35,-0.454,31791.26,18.52,231.24,-14.65,234.10,-15.70,banks - private sector
15th Feb,JUBLFOOD,478.80,-0.115,31593.39,3.34,531.71,-9.95,510.23,-6.16,hotels
15th Feb,BSE,2323.80,-0.997,31458.76,55.50,2318.79,0.216,1416.19,64.09,miscellaneous
15th Feb,GLAND,1897.10,-2.72,31245.60,42.43,1919.78,-1.18,1534.18,23.66,pharmaceuticals - indian - formulations
15th Feb,MSUMI,70.60,1.15,31213.02,1.32,63.77,10.72,60.70,16.31,auto ancillaries
15th Feb,DEEPAKNTR,2282.70,1.15,31134.44,57.99,2322.79,-1.73,2146.43,6.35,chemicals
15th Feb,IGL,444.70,1.79,31129.04,27.83,423.18,5.09,445.99,-0.289,miscellaneous
15th Feb,TATAMTRDVR,610.25,0.436,31031.39,-12.83,536.42,13.76,414.99,47.05,automobiles - lcvs / hcvs
15th Feb,NAM-INDIA,488.85,-0.071,30698.12,15.42,477.72,2.33,356.39,37.17,finance & investments
15th Feb,KIOCL,504.25,16.70,30645.85,0.680,383.27,31.57,283.30,77.99,mining / minerals / metals
15th Feb,BDL,1664.15,2.15,30500.75,26.01,1638.90,1.54,1232.91,34.98,engineering
15th Feb,ITI,315.90,6.53,30354.42,-4.20,317.18,-0.402,201.14,57.05,telecommunications - equipment
15th Feb,SYNGENE,751.85,0.253,30225.50,12.37,717.36,4.81,745.39,0.866,pharmaceuticals - indian - bulk drugs & formln
15th Feb,KEI,3328.70,0.629,30038.67,61.01,3138.20,6.07,2606.98,27.68,cables - power
15th Feb,METROBRAND,1095.15,-1.45,29773.34,11.99,1215.36,-9.89,1116.39,-1.90,leather / leather products
15th Feb,IPCALAB,1152.35,-0.203,29235.61,22.25,1118.80,3.00,927.27,24.27,pharmaceuticals - indian - bulk drugs & formln
15th Feb,NATIONALUM,157.25,0.866,28881.03,8.10,130.25,20.73,100.30,56.79,aluminium and aluminium products
15th Feb,ZFCVINDIA,15064.45,1.39,28573.62,214.82,15842.56,-4.91,14137.94,6.55,auto ancillaries
15th Feb,EXIDEIND,334.35,-0.683,28419.75,10.26,318.07,5.12,265.02,26.16,auto ancillaries
15th Feb,LLOYDSME,558.05,4.85,28195.67,25.05,586.79,-4.90,NaN,NaN,mining / minerals / metals
15th Feb,TATAINVEST,5534.90,1.13,28003.99,68.15,4633.76,19.45,3198.38,73.05,finance & investments
15th Feb,NH,1352.80,-4.53,27645.93,36.32,1249.97,8.23,1069.52,26.49,healthcare
15th Feb,ANGELONE,3269.75,-0.186,27449.70,125.72,3323.71,-1.62,2240.56,45.93,finance & investments
15th Feb,GODREJIND,814.45,1.69,27421.72,19.95,785.88,3.63,605.31,34.55,chemicals
15th Feb,AJANTPHARM,2153.25,1.81,27112.79,58.26,2106.40,2.22,1742.80,23.55,pharmaceuticals - indian - formulations
15th Feb,MOTILALOFS,1809.20,0.441,26872.16,127.33,1477.03,22.49,1004.44,80.12,finance & investments
15th Feb,BAYERCROP,5873.35,-1.37,26396.06,178.68,5694.61,3.14,5007.17,17.30,pesticides / agrochemicals - multinational
15th Feb,ISEC,813.80,0.793,26301.12,44.04,758.21,7.33,639.59,27.24,finance & investments
15th Feb,JBCHEPHARM,1664.30,-0.698,25804.00,48.06,1619.16,2.79,1371.37,21.36,pharmaceuticals - indian - bulk drugs & formln
15th Feb,EIHOTEL,409.55,4.50,25611.79,8.01,293.11,39.72,238.75,71.54,hotels
15th Feb,360ONE,713.60,0.812,25578.39,20.09,656.39,8.72,534.09,33.61,finance & investments
15th Feb,BLUESTARCO,1233.65,3.49,25365.67,36.26,1040.31,18.58,870.51,41.72,air-conditioners
15th Feb,ENDURANCE,1794.40,-1.25,25240.54,43.14,1912.03,-6.15,1667.52,7.61,auto ancillaries
15th Feb,KPRMILL,732.65,0.453,25043.00,23.43,791.25,-7.41,721.26,1.58,textiles - products
15th Feb,POWERINDIA,5861.80,-0.227,24843.29,23.82,5585.35,4.95,4558.08,28.60,electric equipment
15th Feb,HATSUN,1113.50,0.171,24803.02,10.78,1111.87,0.147,1062.66,4.78,food - processing - indian
15th Feb,HINDCOPPER,256.40,-1.18,24794.50,3.14,250.43,2.38,165.57,54.86,mining / minerals / metals
15th Feb,CREDITACC,1557.10,-2.35,24785.30,84.62,1647.52,-5.49,1443.04,7.90,finance & investments
15th Feb,AARTIIND,681.95,2.12,24720.96,11.95,625.46,9.03,528.28,29.09,chemicals
15th Feb,KANSAINER,305.35,0.164,24683.87,9.64,331.55,-7.90,316.14,-3.41,paints / varnishes
15th Feb,NBCC,137.10,4.98,24678,2.08,102.29,34.03,64.52,112.48,miscellaneous
15th Feb,TATACHEM,965.50,-0.072,24596.72,71.71,1039.32,-7.10,1010.85,-4.49,chemicals
15th Feb,APARINDS,6107.30,0.671,24531.99,217.08,5724.27,6.69,4619.00,32.22,electric equipment
15th Feb,SUNTV,621.25,-0.814,24482.51,47.26,676.19,-8.12,581.07,6.91,entertainment / electronic media software
15th Feb,GRINDWELL,2175.45,-0.879,24086.58,35.24,2262.40,-3.84,2170.55,0.226,abrasives and grinding wheels
15th Feb,JBMA,2007.05,0.112,23732.79,12.82,1718.77,16.77,1339.56,49.83,auto ancillaries
15th Feb,ASTERDM,473.65,7.60,23659.44,6.51,416.77,13.65,337.77,40.23,healthcare
15th Feb,NESTLEIND,2453.55,-1.34,23656.08,249.81,2528.55,-2.97,2339.84,4.86,food - processing - mnc
15th Feb,MANYAVAR,961.55,-1.37,23349.42,16.79,1182.68,-18.70,1258.88,-23.62,trading
15th Feb,BSOFT,844.25,1.26,23280.10,20.10,760.10,11.07,526.96,60.21,computers - software - medium / small
15th Feb,CYIENT,2099.55,-0.639,23265.26,59.94,2174.82,-3.46,1714.84,22.43,computers - software - medium / small
15th Feb,RADICO,1725.35,0.898,23069.24,18.77,1654.38,4.29,1369.02,26.03,breweries & distilleries
15th Feb,SUNDRMFAST,1089.60,-0.443,22895.59,24.48,1231.46,-11.52,1216.01,-10.40,auto ancillaries
15th Feb,GLENMARK,810.25,1.64,22862.67,-7.32,857.12,-5.47,759.61,6.67,pharmaceuticals - indian - bulk drugs & formln
15th Feb,SONATSOFTW,812.70,4.57,22790.12,24.16,750.60,8.27,588.10,38.19,computers - software - medium / small
15th Feb,BRIGADE,986.10,2.75,22772.30,13.64,931.96,5.81,686.29,43.69,construction
15th Feb,ABFRL,238.50,-2.01,22637.82,-5.12,234.70,1.62,219.81,8.50,textiles - products
15th Feb,FIVESTAR,766.90,2.60,22410.77,26.36,738.66,3.82,700.39,9.50,finance & investments
15th Feb,SKFINDIA,4513.10,-0.551,22311.85,101,4594.65,-1.77,4830.96,-6.58,bearings
15th Feb,TRIDENT,43.50,0.928,22167.41,0.850,41.79,4.10,36.70,18.52,textiles - products
15th Feb,IIFL,579.20,0.836,22086.13,47.35,619.38,-6.49,572.80,1.12,finance & investments
15th Feb,GILLETTE,6744.10,0.074,21975.80,120.02,6515.60,3.51,5777.18,16.74,personal care - multinational
15th Feb,IRCON,231.90,4.15,21810.56,9.99,198.25,16.98,135.29,71.41,construction
15th Feb,TIMKEN,2874.25,1.51,21619.74,47.22,3208.84,-10.43,3188.15,-9.85,bearings
15th Feb,LAURUSLABS,392.55,0.204,21157.10,3.48,403.35,-2.68,376.31,4.31,pharmaceuticals - indian - formulations
15th Feb,RELAXO,847.60,-0.329,21100.03,8.14,883.55,-4.07,901.88,-6.02,leather / leather products
15th Feb,GSPL,373.75,5.62,21087.40,26.98,328.18,13.89,295.54,26.46,miscellaneous
15th Feb,RATNAMANI,3004.90,-0.229,21061.95,89.10,3355.16,-10.44,2823.45,6.43,steel - medium / small
15th Feb,CARBORUNIV,1108.15,-0.614,21060.93,24.40,1142.12,-2.97,1154.74,-4.03,abrasives and grinding wheels
15th Feb,GET&D,812.35,-2.71,20799.94,3.88,598.77,35.67,378.12,114.84,electric equipment
15th Feb,PFIZER,4538.60,0.724,20763.07,111.45,4316.96,5.13,3995.20,13.60,pharmaceuticals - multinational
15th Feb,PAYTM,325.05,-5.00,20634.91,-17,630.42,-48.44,787.80,-58.74,miscellaneous
15th Feb,ELGIEQUIP,647.75,-3.05,20527.78,12.83,565.12,14.62,525.74,23.21,compressors / drilling equipment
15th Feb,RAMCOCEM,866,0.774,20462.92,16.71,985.46,-12.12,931.02,-6.98,cement - south india
15th Feb,CHOLAHLDNG,1088.70,-1.06,20443.33,88.79,1060.39,2.67,996.93,9.21,finance & investments
15th Feb,SANOFI,8846.40,-0.765,20373.81,258.94,8384.86,5.50,7416.42,19.28,pharmaceuticals - multinational
15th Feb,LALPATHLAB,2434.15,-0.839,20319.76,39.72,2513.15,-3.14,2359.98,3.14,healthcare
15th Feb,PNBHOUSING,781.85,-0.268,20303.17,57.96,800.65,-2.35,681.09,14.79,finance - housing
15th Feb,PEL,898.70,1.73,20190.53,-90.69,911.61,-1.42,939.04,-4.30,finance & investments
15th Feb,EMAMILTD,461.15,-0.764,20129.20,16.41,510.84,-9.73,478.12,-3.55,personal care - indian
15th Feb,KAJARIACER,1261.35,1.93,20088.05,26.85,1343.92,-6.14,1323.63,-4.71,ceramics - tiles / sanitaryware
15th Feb,APLLTD,1003.85,2.36,19731.99,30.08,863.23,16.29,739.54,35.74,pharmaceuticals - indian - bulk drugs & formln
15th Feb,CASTROLIND,198.75,0.837,19658.81,8.75,175.66,13.14,144.03,37.99,chemicals
15th Feb,CDSL,1878.40,-1.07,19629.28,33.78,1855.49,1.23,1412.46,32.99,miscellaneous
15th Feb,CGCL,947.25,1.92,19535.61,13.06,857.53,10.46,783.01,20.98,finance & investments
15th Feb,SWANENERGY,737.40,2.54,19461.24,22.63,564.05,30.73,358.76,105.54,diversified - medium / small
15th Feb,NSLNISP,65.70,11.36,19254.08,-0.450,54.59,20.35,47.91,37.13,steel - medium / small
15th Feb,SIGNATURE,1356,-0.492,19053.25,-1.41,1035.90,30.90,NaN,NaN,construction
15th Feb,SUMICHEM,377.80,0.599,18857.73,6.66,402.67,-6.18,409.13,-7.66,pesticides / agrochemicals - indian
15th Feb,ATUL,6360.30,-0.486,18766.38,121.35,6705.32,-5.15,6799.39,-6.46,chemicals
15th Feb,INOXWIND,574.35,9.38,18720.85,-6.43,465.04,23.51,259.17,121.61,electric equipment
15th Feb,SHYAMMETL,668.95,-0.268,18672.53,41.88,633.34,5.62,459.41,45.61,steel - large
15th Feb,RITES,776.65,4.02,18663.05,19.19,583.06,33.20,478.60,62.27,engineering - turnkey services
15th Feb,IDFC,116.05,0.957,18567.82,25.56,121.59,-4.56,115.51,0.471,finance & investments
15th Feb,CIEINDIA,480.55,-0.620,18230.26,7.86,483.50,-0.610,484.93,-0.902,castings & forgings
15th Feb,DEVYANI,150.40,-2.34,18136.12,0.960,179.59,-16.26,189.43,-20.60,hotels
15th Feb,CROMPTON,283.20,-0.788,18130.32,6.79,302.80,-6.47,291.91,-2.98,electric equipment
15th Feb,BATAINDIA,1410.20,-0.067,18124.95,20.58,1552.92,-9.19,1609.37,-12.38,leather / leather products
15th Feb,TTML,92.50,0.108,18083.08,-6.12,91.98,0.563,84.39,9.61,telecommunications - service provider
15th Feb,ZEEL,187.90,-6.14,18048.16,-0.760,237,-20.72,234.08,-19.73,entertainment / electronic media software
15th Feb,PPLPHARMA,136.10,0.037,18005.32,-0.290,137.00,-0.654,107.49,26.62,pharmaceuticals - indian - bulk drugs & formln
15th Feb,APTUS,359.15,0.349,17918.86,11.71,342.80,4.77,291.29,23.30,finance - housing
15th Feb,KIMS,2237.85,3.44,17909.02,42.23,2029.08,10.29,1881.21,18.96,healthcare
15th Feb,KAYNES,2773.05,-2.44,17724.80,26.12,2689.66,3.10,2090.22,32.67,electronics - components
15th Feb,KEC,689,-0.956,17713.39,10.40,624.68,10.30,608.50,13.23,transmisson line towers / equipment
15th Feb,CESC,133.60,4.21,17709.62,10.63,131.79,1.37,93.92,42.25,power generation and supply
15th Feb,MCX,3454.05,2.86,17615.09,0.140,3292.06,4.92,2218.51,55.69,miscellaneous
15th Feb,CELLO,820.25,-0.195,17408.25,61887.42,832.48,-1.47,NaN,NaN,trading
15th Feb,CHALET,839.45,0.756,17241.86,11.33,715.33,17.35,555.94,51.00,hotels
15th Feb,VINATIORGA,1669.15,1.53,17155.87,33.73,1708.98,-2.33,1797.55,-7.14,chemicals
15th Feb,JYOTHYLAB,466.90,-3.05,17144.97,9.55,489.37,-4.59,352.43,32.48,personal care - indian
15th Feb,TVSHLTD,8444.95,2.83,17085.91,396.50,7946.52,6.27,5806.35,45.44,castings & forgings
15th Feb,WHIRLPOOL,1333.15,-0.719,16913.92,15.94,1350.15,-1.26,1481.58,-10.02,domestic appliances
15th Feb,SUVENPHAR,655.75,0.092,16693.10,14.58,686.88,-4.53,563.88,16.29,pharmaceuticals - indian - bulk drugs & formln
15th Feb,CENTURYPLY,751.20,0.120,16689.63,16.27,767.62,-2.14,665.81,12.83,miscellaneous
15th Feb,RRKABEL,1472.90,4.26,16617.08,26.52,1544.47,-4.63,NaN,NaN,cables - power
15th Feb,AFFLE,1183.20,3.98,16585.04,20.36,1224.46,-3.37,1094.22,8.13,computers - software - medium / small
15th Feb,OLECTRA,2010.95,0.352,16506.03,10.98,1547.80,29.92,1190.78,68.88,automobiles - lcvs / hcvs
15th Feb,JINDALSAW,514.45,3.17,16449.75,47.96,472.62,8.85,363.09,41.69,steel - large
15th Feb,INDIAMART,2731.30,0.967,16382.10,56.92,2662.09,2.60,2823.02,-3.25,miscellaneous
15th Feb,CENTURYTEX,1428.85,-0.056,15959.64,17.26,1365.54,4.64,1085.91,31.58,paper
15th Feb,NATCOPHARM,887.10,0.260,15888.84,70.85,826.81,7.29,777.05,14.16,pharmaceuticals - indian - bulk drugs & formln
15th Feb,HSCL,359.50,1.28,15842.97,8.55,343.67,4.61,227.03,58.35,chemicals
15th Feb,J&KBANK,143.25,3.69,15774.44,15.85,130.63,9.66,95.18,50.50,banks - private sector
15th Feb,MANAPPURAM,186.20,2.00,15760.61,24.20,174.77,6.54,144.74,28.64,finance & investments
15th Feb,REDINGTON,200.55,0.551,15677.30,15.39,179.89,11.48,169.87,18.06,trading
15th Feb,KPIL,964.60,-2.76,15669.56,31.01,745.62,29.37,638.98,50.96,transmisson line towers / equipment
15th Feb,RBLBANK,259.05,2.09,15610.93,19.89,271.20,-4.48,224.94,15.16,banks - private sector
15th Feb,JAIBALAJI,970.85,5.00,15577.32,37.62,875.17,10.93,433.20,124.11,steel - sponge iron
15th Feb,NAVINFLUOR,3126.10,0.749,15496.87,67.88,3546.54,-11.85,4090.14,-23.57,chemicals
15th Feb,HBLPOWER,558.15,1.21,15471.64,8.43,474.27,17.69,284.26,96.35,auto ancillaries
15th Feb,DCMSHRIRAM,984.40,1.16,15350.96,33.09,1019.36,-3.43,943.54,4.33,diversified - mega
15th Feb,FINCABLES,1002.80,-0.075,15336.76,41.88,1068.07,-6.11,982.75,2.04,cables - power
15th Feb,JWL,367.75,4.85,15162.10,6.69,353.97,3.89,271.33,35.54,engineering
15th Feb,CHAMBLFERT,363.10,2.11,15112.51,30.59,365.43,-0.637,303.98,19.45,fertilizers
15th Feb,LAXMIMACH,14095.55,1.18,15058.28,376.09,13621.23,3.48,13324.51,5.79,textile machinery
15th Feb,AEGISCHEM,426.70,8.87,14977.17,14.64,371.35,14.91,352.07,21.20,trading
15th Feb,KARURVYSYA,185.95,1.72,14946.66,18.53,173.22,7.35,138.91,33.86,banks - private sector
15th Feb,BLS,362.80,0.471,14937.96,7.33,353.01,2.77,264.38,37.23,computers - software - medium / small
15th Feb,ANANDRATHI,3578.15,3.51,14935.29,50.76,2835.66,26.18,1756.52,103.71,finance & investments
15th Feb,MGL,1512,1.47,14935.20,130.89,1292.11,17.02,1110.30,36.18,miscellaneous
15th Feb,WELSPUNLIV,153.30,1.93,14897.82,6.82,150.85,1.62,125.46,22.19,textiles - products
15th Feb,NUVAMA,4199.60,8.86,14792.59,151.02,3515.49,19.46,NaN,NaN,finance & investments
15th Feb,CLEAN,1390.90,0.655,14777.96,23.93,1476.78,-5.82,1412.91,-1.56,chemicals
15th Feb,ARE&M,864.40,0.570,14765.03,47.57,814.49,6.13,683.71,26.43,auto ancillaries
15th Feb,WELCORP,563.85,0.571,14754.09,41.21,558.28,0.997,401.20,40.54,steel - medium / small
15th Feb,POLYMED,1533.95,0.062,14717.38,25.93,1501.98,2.13,1325.80,15.70,healthcare
15th Feb,CONCORDBIO,1403.40,0.236,14681.84,29.11,1424.88,-1.51,NaN,NaN,pharmaceuticals - indian - bulk drugs & formln
15th Feb,ALOKINDS,29.40,1.38,14597.81,-1.87,28.14,4.47,19.75,48.87,textiles - processing
15th Feb,TRITURBINE,459.10,5.00,14593.73,7.81,410.28,11.90,399.90,14.80,electric equipment
15th Feb,BASF,3369.80,0.781,14586.40,111.80,3060.39,10.11,2727.62,23.54,chemicals
15th Feb,CHENNPETRO,976.45,8.37,14540.45,210.19,780.80,25.06,534.97,82.52,refineries
15th Feb,HFCL,101.70,2.16,14530.62,2.09,88.46,14.97,73.47,38.42,engineering - turnkey services
15th Feb,BLUEDART,6092.35,0.717,14455.89,123.35,6978.87,-12.70,6714.59,-9.27,couriers
15th Feb,JPPOWER,21.05,-1.41,14426.53,0.440,16.59,26.86,10.40,102.41,power generation and supply
15th Feb,HONASA,446.45,1.50,14364.38,3.68,441.66,1.08,NaN,NaN,trading
15th Feb,CAMS,2909.50,2.44,14298.19,66.18,2771.08,5.00,2472.22,17.69,miscellaneous
15th Feb,JYOTICNC,628.50,6.63,14293.54,1.68,NaN,NaN,NaN,NaN,engineering
15th Feb,NCC,223.30,0.495,14019.81,10.54,189.78,17.66,154.54,44.49,construction
15th Feb,FSL,200.65,0.804,13985.12,7.65,192.57,4.20,159.37,25.91,computers - software - medium / small
15th Feb,SCHNEIDER,578.30,3.82,13827.39,6.95,442.35,30.73,332.51,73.92,electric equipment
15th Feb,ASTRAZEN,5510.45,2.84,13776.13,61.12,5729.86,-3.83,4482.69,22.93,pharmaceuticals - multinational
15th Feb,VGUARD,316.30,2.11,13717.22,5.38,296.54,6.66,288.37,9.69,electric equipment
15th Feb,ACE,1151.75,-2.18,13715.41,23.29,916.27,25.70,720.68,59.81,engineering
15th Feb,RHIM,663.90,3.21,13709.63,-28.69,751.87,-11.70,705.25,-5.86,refractories / intermediates
15th Feb,ABSLAMC,474.80,1.76,13678.25,24.57,474.37,0.091,420.40,12.94,finance & investments
15th Feb,KSB,3914.50,1.53,13625.53,60.23,3499.81,11.85,2829.33,38.35,pumps
15th Feb,GESHIP,953.45,1.63,13612.14,170.28,959.41,-0.621,817.57,16.62,shipping
15th Feb,FINPIPE,218.35,0.115,13548.11,7.66,220.06,-0.779,204.07,7.00,plastics products
15th Feb,SWSOLAR,580.20,-0.369,13519.50,-33.20,487.85,18.93,365.02,58.95,engineering - turnkey services
15th Feb,TANLA,1003.95,3.41,13499.10,39.97,1062.11,-5.48,995.64,0.834,computers - software - medium / small
15th Feb,BIKAJI,539.30,2.89,13488.97,7.50,557.64,-3.29,483.74,11.48,food - processing - indian
15th Feb,DBREALTY,268.60,0.374,13472.18,27.38,222.93,20.48,150.32,78.69,construction
15th Feb,GODFRYPHLP,2571.65,2.85,13371.02,156.94,2226.46,15.50,2019.83,27.32,cigarettes
15th Feb,RKFORGE,739.30,1.20,13364.78,19.35,745.36,-0.813,607.91,21.61,castings & forgings
15th Feb,PVRINOX,1361.85,-0.504,13364.24,-41.37,1576.26,-13.60,1580.52,-13.84,entertainment / electronic media software
15th Feb,GMDCLTD,417.85,2.87,13287.63,27.12,438.55,-4.72,294.77,41.76,mining / minerals / metals
15th Feb,SOBHA,1396.85,3.01,13248.54,9.57,1231.61,13.42,786.80,77.54,construction
15th Feb,AMBER,3915.65,1.46,13193.29,42.21,3589.55,9.08,2848.64,37.46,electronics - components
15th Feb,ASAHIINDIA,540.15,-0.981,13130.50,13.29,553.99,-2.50,542.49,-0.431,glass & glass products
15th Feb,FINEORG,4274.90,-0.109,13106.83,145.72,4616.35,-7.40,4642.07,-7.91,chemicals
15th Feb,JKTYRE,499.20,1.59,13015.32,28.10,426.91,16.93,301.52,65.56,tyres
15th Feb,IFCI,52.05,-4.14,12958.44,-1.35,39.19,32.81,22.44,131.95,finance - term-lending institutions
15th Feb,BEML,3107.65,1.92,12941.65,43.66,3014.38,3.09,2212.74,40.44,engineering
15th Feb,IEX,144.60,0.452,12893.88,3.84,151.85,-4.77,139.09,3.96,miscellaneous
15th Feb,BIRLACORPN,1673.90,-1.83,12889.92,40.53,1470.68,13.82,1265.18,32.30,cement - north india
15th Feb,RAINBOW,1269.65,-3.64,12887.16,21.67,1205.98,5.28,1065.47,19.16,healthcare
15th Feb,TITAGARH,948.70,-1.19,12776.50,20.60,1037.41,-8.55,741.50,27.94,engineering
15th Feb,AKZOINDIA,2799.70,-0.141,12749.92,90.75,2648.99,5.69,2576.37,8.67,paints / varnishes
15th Feb,HAPPSTMNDS,836.40,1.09,12736.27,15.95,886.12,-5.61,892.25,-6.26,computers - software - medium / small
15th Feb,WESTLIFE,816.20,-0.567,12727.51,5.65,827.98,-1.42,864.07,-5.54,hotels
15th Feb,TEJASNET,738.50,4.08,12560.32,-5.64,812.59,-9.12,798.32,-7.49,telecommunications - equipment
15th Feb,VTL,434,-2.00,12550.19,20.73,403.29,7.61,374.89,15.77,textiles - cotton/blended
15th Feb,KIRLOSENG,864.80,0.197,12531.03,25.70,690.24,25.29,525.32,64.62,engines
15th Feb,MAHSEAMLES,931.35,3.19,12480.02,82.30,964.83,-3.47,671.29,38.74,steel - medium / small
15th Feb,INTELLECT,905.30,-1.90,12375.11,25.08,854.01,6.01,697.76,29.74,computers - software - medium / small
15th Feb,RAILTEL,384.95,2.27,12354.52,7.63,355.63,8.25,226.54,69.93,telecommunications - service provider
15th Feb,ENGINERSIN,215.90,0.325,12134.49,9.25,200.95,7.44,149.40,44.52,engineering - turnkey services
15th Feb,PTCIL,8527.50,0.891,12113.70,27.29,6966.03,22.42,NaN,NaN,castings & forgings
15th Feb,BBTC,1733.95,0.849,12098.10,-170.77,1557.40,11.34,1247.05,39.04,auto ancillaries
15th Feb,MMTC,80.55,4.95,12082.50,0.890,69.16,16.46,50.38,59.89,trading
15th Feb,ZENSARTECH,532,2.31,12050.95,26.99,570.32,-6.72,488.88,8.82,computers - software - medium / small
15th Feb,NUVOCO,337,-0.325,12036.16,6.94,359.50,-6.26,354.11,-4.83,cement - north india
15th Feb,SPLPETRO,636.95,4.97,11977.29,19.93,571.95,11.36,493.03,29.19,petrochemicals
15th Feb,SFL,1090.30,0.577,11851.27,16.41,1181.29,-7.70,1135.93,-4.02,miscellaneous
15th Feb,BAJAJELEC,1028.40,0.083,11837.08,13.36,1024.09,0.421,1113.01,-7.60,domestic appliances
15th Feb,NETWORK18,112.65,2.88,11793.88,-1.93,103.87,8.45,76.31,47.61,entertainment / electronic media software
15th Feb,ANANTRAJ,345.30,1.13,11774.32,7.15,311.59,10.82,228.75,50.95,construction
15th Feb,GRINFRA,1213,2.00,11728.38,119.90,1187.66,2.13,1201.66,0.944,construction
15th Feb,CAPLIPOINT,1543.55,1.70,11721.99,57.64,1390.18,11.03,1061.67,45.39,pharmaceuticals - indian - formulations
15th Feb,ERIS,856.45,-1.05,11650.14,28.41,900.12,-4.85,808.69,5.91,pharmaceuticals - indian - formulations
15th Feb,RTNINDIA,84.25,-0.237,11645.62,2.65,82.02,2.72,58.35,44.38,miscellaneous
15th Feb,UTIAMC,914.55,-0.278,11636.91,54.23,873.24,4.73,785.33,16.45,finance & investments
15th Feb,PCBL,306.60,1.56,11573.00,12.77,282.46,8.54,199.25,53.87,chemicals
15th Feb,EQUITASBNK,102.05,1.80,11546.48,6.99,106.26,-3.96,93.55,9.09,banks - private sector
15th Feb,ELECON,1026.45,-1.15,11516.77,28.50,988.35,3.85,796.05,28.94,engineering
15th Feb,AETHER,866.20,0.956,11481.50,9.36,866.63,-0.050,946.06,-8.44,chemicals
15th Feb,RAYMOND,1721.90,0.244,11463.33,240.78,1743.79,-1.26,1768.82,-2.65,textiles - products
15th Feb,SPARC,352.40,3.09,11436.14,-8.28,336.10,4.85,252.33,39.66,miscellaneous
15th Feb,CEATLTD,2818.80,0.351,11402.07,165.09,2531.59,11.35,2242.36,25.71,tyres
15th Feb,ECLERX,2318.05,-1.94,11364.32,106.13,2587.26,-10.41,2005.28,15.60,computers - software - medium / small
15th Feb,COCHINSHIP,860.85,1.59,11323.65,42.87,757.86,13.59,491.80,75.04,miscellaneous
15th Feb,AAVAS,1420.20,-1.16,11238.95,60.07,1509.26,-5.90,1526.22,-6.95,finance - housing
15th Feb,ALKYLAMINE,2197.65,-0.509,11234.60,31.13,2370.38,-7.29,2391.91,-8.12,chemicals
15th Feb,UJJIVANSFB,56.55,2.63,11064.25,6.40,57.63,-1.88,49.08,15.23,banks - private sector
15th Feb,LEMONTREE,137.75,1.59,10913.19,1.60,129.50,6.37,109.92,25.32,hotels
15th Feb,ELECTCAST,176.10,1.76,10886.23,10.12,137.88,27.72,85.20,106.68,castings & forgings
15th Feb,CANFINHOME,816.85,1.59,10876.69,53.13,780.30,4.68,755.44,8.13,finance - housing
15th Feb,KFINTECH,634.50,1.16,10827.46,13.48,547.70,15.85,444.83,42.64,miscellaneous
15th Feb,NEWGEN,770.85,4.82,10802.60,31.84,782.98,-1.55,519.15,48.48,computers - software - medium / small
15th Feb,LATENTVIEW,522.55,0.278,10759.51,7.21,472.59,10.57,413.11,26.49,computers - software - medium / small
15th Feb,JKLAKSHMI,912.05,-0.120,10732.10,36.11,889.72,2.51,750.99,21.45,cement - north india
15th Feb,GLS,875.70,0.945,10729.70,42.37,745.40,17.48,640.29,36.77,pharmaceuticals - indian - bulk drugs & formln
15th Feb,GRAPHITE,549.05,0.384,10727.10,42.14,544.49,0.837,460.69,19.18,electrodes - graphites
15th Feb,SCI,229.45,2.92,10687.76,16.13,187.43,22.42,136.59,67.99,shipping
15th Feb,RATEGAIN,906.20,8.44,10676.43,11.79,749.55,20.90,578.45,56.66,computers - software - medium / small
15th Feb,INGERRAND,3360.25,1.35,10607.64,71.48,3161.54,6.29,2957.43,13.62,compressors / drilling equipment
15th Feb,PNCINFRA,413.35,-0.060,10604.05,25.71,381.81,8.26,348.17,18.72,construction
15th Feb,GPIL,779.90,3.33,10602.35,70.56,741.36,5.20,592.80,31.56,steel - medium / small
15th Feb,TTKPRESTIG,764.30,0.138,10594.27,16.54,764.13,0.023,763.87,0.056,domestic appliances
15th Feb,GRANULES,435.95,0.949,10566.06,16.32,409.54,6.45,341.85,27.53,pharmaceuticals - indian - bulk drugs & formln
15th Feb,INOXINDIA,1161,10.87,10537.64,20.11,NaN,NaN,NaN,NaN,packaging
15th Feb,EIDPARRY,587.25,-0.424,10424.72,48.35,578.13,1.58,513.74,14.31,sugar
15th Feb,DATAPATTNS,1854.65,-0.929,10383.07,30.23,1927.13,-3.76,1948.79,-4.83,electronics - components
15th Feb,MAPMYINDIA,1892.55,1.28,10233.39,23.39,1994.79,-5.13,1707.32,10.85,computers - software - medium / small
15th Feb,RPOWER,26.75,1.13,10194.91,-3.49,26.89,-0.528,19.42,37.76,power generation and supply
15th Feb,CUB,137.45,0.844,10180.09,13.23,146.96,-6.47,136.35,0.810,banks - private sector
15th Feb,RENUKA,47.35,0.212,10078.40,-2.22,47.24,0.229,47.57,-0.465,sugar
15th Feb,ZYDUSWELL,1577.80,-0.895,10039.88,41.17,1611.38,-2.08,1549.59,1.82,food - processing - indian
15th Feb,ROUTE,1602.55,0.977,10035.33,62.19,1604.38,-0.114,1543.94,3.80,computers - software - medium / small
15th Feb,TV18BRDCST,58.15,0.259,9969.00,0.230,57.15,1.75,45.26,28.49,entertainment / electronic media software
15th Feb,SAFARI,2073.05,-0.896,9860.92,62.88,1996.82,3.82,1791.34,15.73,moulded luggage
15th Feb,JMFINANCIL,103.10,-0.194,9851.50,7.29,101.31,1.77,83.86,22.94,finance & investments
15th Feb,GODREJAGRO,511.40,-0.370,9829.66,17.35,542.08,-5.66,487.60,4.88,food - processing - indian
15th Feb,USHAMART,320.20,-0.404,9757.84,13.89,321.00,-0.248,307.82,4.02,steel - medium / small
15th Feb,ANURAS,890.35,4.94,9750.69,17.34,981.76,-9.31,991.92,-10.24,chemicals
15th Feb,JUBLPHARMA,610.25,4.54,9720.13,2.41,547.81,11.40,436.14,39.92,pharmaceuticals - indian - bulk drugs
15th Feb,INFIBEAM,34.95,-0.710,9710.42,0.530,26.91,29.87,19.25,81.53,computers - software - medium / small
15th Feb,MINDACORP,404,-1.40,9658.81,11.84,392.58,2.91,333.22,21.24,auto ancillaries
15th Feb,GSFC,241.30,1.75,9615.26,19.19,263.17,-8.31,195.42,23.48,fertilizers
15th Feb,GNFC,653.05,1.23,9595.96,45.40,733.13,-10.92,646.60,0.997,chemicals
15th Feb,CERA,7346.85,-2.47,9555.22,174.39,8054.73,-8.79,8111.46,-9.43,ceramics - tiles / sanitaryware
15th Feb,DOMS,1566.55,1.14,9506.96,931.88,NaN,NaN,NaN,NaN,printing & stationery
15th Feb,IBULHSGFIN,193.05,1.82,9506.81,25.44,205.37,-6.00,164.89,17.08,finance - housing
15th Feb,GRSE,814.50,0.401,9330.26,26.27,864.87,-5.82,724.47,12.43,miscellaneous
15th Feb,RELINFRA,234.35,2.27,9283.33,-116.26,217.05,7.97,177.39,32.11,engineering - turnkey services
15th Feb,PRAJIND,503.90,1.25,9262.34,15.22,531.10,-5.12,490.47,2.74,engineering
15th Feb,GPPL,191.15,9.89,9240.95,7.73,161.72,18.19,132.97,43.75,miscellaneous
15th Feb,SBFC,86.25,0.232,9220.62,2.12,88.58,-2.63,NaN,NaN,finance & investments
15th Feb,RAJESHEXPO,311.45,-7.54,9195.87,38.69,359.02,-13.25,469.35,-33.64,diamond cutting / jewellery
15th Feb,HAPPYFORGE,965,-1.83,9090.77,11.82,NaN,NaN,NaN,NaN,castings & forgings
15th Feb,CRAFTSMAN,4270.10,0.849,9022.00,152.61,4852.32,-12.00,4521.65,-5.56,auto ancillaries
15th Feb,GALAXYSURF,2532.30,-1.26,8978.21,88.71,2724.24,-7.05,2683.42,-5.63,chemicals
15th Feb,REDTAPE,645.90,2.87,8926.46,12.29,543.26,18.89,NaN,NaN,trading
15th Feb,SYRMA,502.40,-0.209,8921.87,6.52,610.21,-17.67,518.75,-3.15,electronics - components
15th Feb,MAHLIFE,572.35,2.54,8869.55,1.76,557.31,2.70,509.30,12.38,construction
15th Feb,PRSMJOHNSN,174.90,1.16,8803.71,4.06,178.74,-2.15,144.51,21.03,cement - north india
15th Feb,MASTEK,2863.35,1.70,8781.17,91.93,2754.14,3.97,2298.19,24.59,computers - software - medium / small
15th Feb,NEULANDLAB,6831.20,2.35,8764.35,247.13,5700.64,19.83,4121.90,65.73,pharmaceuticals - indian - bulk drugs
15th Feb,CCL,658.60,0.205,8761.22,20.30,642.47,2.51,635.87,3.57,tea
15th Feb,METROPOLIS,1707.65,0.681,8747.20,24.35,1643.23,3.92,1478.84,15.47,healthcare
15th Feb,TEGA,1313.20,5.92,8726.51,27.36,1126.65,16.56,980.81,33.89,engineering
15th Feb,EASEMYTRIP,48.90,-0.811,8665.28,0.860,44.20,10.63,42.65,14.66,travel agencies
15th Feb,STARCEMENT,213.35,6.20,8623.19,7.52,180.44,18.24,158.46,34.64,cement - north india
15th Feb,SAPPHIRE,1339.95,-1.36,8534.12,29.26,1412.37,-5.13,1389.23,-3.55,hotels
15th Feb,PGHL,5136.80,-2.41,8526.77,136.52,5126.43,0.202,5105.24,0.618,pharmaceuticals - multinational
15th Feb,MAHSCOOTER,7440.95,-0.149,8503.94,175.03,7660.40,-2.86,6772.89,9.86,finance & investments
15th Feb,KTKBANK,244.15,0.287,8465.85,43.55,245.90,-0.713,212.05,15.14,banks - private sector
15th Feb,GENUSPOWER,277.40,5.00,8426.15,2.22,254.54,8.98,207.60,33.62,electronics - components
15th Feb,POWERMECH,5297.50,1.39,8374.37,158.53,4668.71,13.47,3988.79,32.81,engineering - turnkey services
15th Feb,GAEL,365.05,-1.14,8371.89,14.12,367.38,-0.634,306.34,19.17,solvent extraction
15th Feb,TECHNOE,774.25,-0.219,8332.40,23.01,780.37,-0.784,553.40,39.91,engineering - turnkey services
15th Feb,RCF,150.40,2.80,8297.39,5.24,164.25,-8.43,129.58,16.07,fertilizers
15th Feb,EMIL,215.55,-1.37,8293.26,4.67,213.22,1.09,148.10,45.55,trading
15th Feb,ESABINDIA,5352.95,-0.930,8239.81,103.30,5697.55,-6.05,5038.24,6.25,electrodes - welding equipment
15th Feb,HOMEFIRST,929.15,-0.657,8209.23,32.49,975.90,-4.79,866.34,7.25,finance - housing
15th Feb,JLHL,1247.85,2.18,8181.66,25.20,1119.49,11.47,NaN,NaN,healthcare
15th Feb,MHRIL,405.15,0.409,8181.50,4.47,394.69,2.65,366.91,10.42,hotels
15th Feb,RESPONIND,305.80,5.56,8162.19,5.22,303.57,0.735,257.48,18.77,plastics products
15th Feb,MANINFRA,218.15,-2.13,8098.83,8.53,217.50,0.298,153.51,42.11,construction
15th Feb,TVSSCS,183.60,2.40,8074.36,-3.02,196.66,-6.64,NaN,NaN,miscellaneous
15th Feb,SHOPERSTOP,734.40,-0.589,8073.57,6.23,708.72,3.62,725.80,1.19,textiles - products
15th Feb,NETWEB,1434,2.94,8039.72,10.55,1291.88,11.00,NaN,NaN,computers - software - medium / small
15th Feb,SARDAEN,225.95,0.556,7962.05,90.20,245.42,-7.93,198.74,13.69,steel - medium / small
15th Feb,SANDUMA,489.40,-9.80,7929.99,89,2244.46,-78.20,NaN,NaN,mining / minerals / metals
15th Feb,THOMASCOOK,168.25,5.85,7914.15,4.20,157.53,6.81,116.98,43.83,travel agencies
15th Feb,ARVIND,301.75,7.79,7893.95,12.80,273.17,10.46,186.72,61.61,textiles - cotton/blended
15th Feb,MIDHANI,418.50,0.120,7840.18,5.96,431.99,-3.12,362.08,15.58,steel - medium / small
15th Feb,VAIBHAVGBL,473.15,-2.12,7830.25,7.87,440.42,7.43,390.08,21.30,diamond cutting / jewellery
15th Feb,ACI,631.50,-0.817,7792.52,32.32,628.44,0.487,581.39,8.62,chemicals
15th Feb,RELIGARE,235.40,0.192,7756.10,110.98,221.90,6.09,208.58,12.86,finance & investments
15th Feb,KRBL,338.05,0.282,7737.62,25.65,362.60,-6.77,375.96,-10.08,food - processing - indian
15th Feb,VARROC,499.80,0.634,7636.26,33.30,545.73,-8.42,436.26,14.56,auto ancillaries
15th Feb,SHRIPISTON,1731.90,-1.94,7628.99,138.96,1474.95,17.42,1135.30,52.55,auto ancillaries
15th Feb,KNRCON,271.10,0.148,7624.27,20.32,266.65,1.67,260.60,4.03,construction
15th Feb,JUBLINGREA,478.55,-1.21,7622.40,13,472.47,1.29,447.58,6.92,chemicals
15th Feb,MEDPLUS,636.75,5.61,7599.75,4.93,719.76,-11.53,789.60,-19.36,trading
15th Feb,VIPIND,533.85,0.726,7577.22,5.22,575.27,-7.20,619.31,-13.80,moulded luggage
15th Feb,RUSTOMJEE,661.90,-1.33,7537.75,13.89,654.77,1.09,581.77,13.77,construction
15th Feb,SAREGAMA,390.80,8.74,7534.99,9.75,362.03,7.95,366.35,6.67,entertainment / electronic media software
15th Feb,BALRAMCHIN,373.10,0.729,7527.26,28.92,392.42,-4.92,405.16,-7.91,sugar
15th Feb,PDSL,568,-1.09,7488.54,11.84,564.47,0.626,455.56,24.68,trading
15th Feb,HMT,62.10,4.99,7477.41,-3.48,56.50,9.91,42.26,46.96,engineering
15th Feb,STAR,813.20,0.793,7472.15,-10.96,660.69,23.08,499.07,62.94,pharmaceuticals - indian - bulk drugs & formln
15th Feb,TMB,471.75,-1.66,7470.23,67.70,502.16,-6.06,490.89,-3.90,banks - private sector
15th Feb,TEXRAIL,193.35,1.31,7411.85,2.65,184.61,4.74,125.42,54.17,engineering
15th Feb,FDC,453.90,1.78,7389.95,17.55,415.67,9.20,367.48,23.52,pharmaceuticals - indian - bulk drugs & formln
15th Feb,VOLTAMP,7289.45,-0.138,7374.82,287.04,6874.49,6.04,5134.42,41.97,electric equipment
15th Feb,TRIVENI,335.95,0.931,7353.88,18.78,339.38,-1.01,326.67,2.84,sugar
15th Feb,MARKSANS,162,2.14,7341.25,7.17,158.31,2.33,118.66,36.52,pharmaceuticals - indian - formulations
15th Feb,VESUVIUS,3613.35,0.266,7333.68,104.90,3582.52,0.861,3113.01,16.07,refractories / intermediates
15th Feb,CAMPUS,239.90,-1.17,7323.09,3.38,274.45,-12.59,297.14,-19.26,leather / leather products
15th Feb,QUESS,492.90,0.438,7318.50,14.62,500.34,-1.49,446.19,10.47,diversified - large
15th Feb,INDIACEM,235.60,0.319,7301.18,-12.83,254.29,-7.35,228.90,2.93,cement - south india
15th Feb,JUSTDIAL,854.40,1.88,7264.83,39.02,819.69,4.23,758.93,12.58,miscellaneous
15th Feb,IWEL,6026.55,5.00,7260.53,-210.48,5359.25,12.45,3164.22,90.46,power generation and supply
15th Feb,BALAMINES,2234.55,3.00,7240.17,56.86,2404.12,-7.05,2241.92,-0.329,chemicals
15th Feb,SOUTHBANK,34.50,1.47,7219.96,5.33,29.86,15.54,23.88,44.49,banks - private sector
15th Feb,KIRLOSBROS,901.20,-1.44,7156.33,37.30,916.74,-1.69,798.42,12.87,pumps
15th Feb,INDIGOPNTS,1499.60,2.83,7141.24,29.90,1467.12,2.21,1468.46,2.12,paints / varnishes
15th Feb,CHEMPLASTS,451.30,-0.485,7135.49,-5.14,485.08,-6.96,466.87,-3.33,chemicals
15th Feb,LXCHEM,258.10,0.116,7106.40,3.76,276.29,-6.58,271.79,-5.04,chemicals
15th Feb,IONEXCHANG,483.40,-1.62,7089.86,104.54,553.56,-12.67,493.49,-2.05,engineering
15th Feb,NAVA,487.80,0.681,7078.01,67.79,461.91,5.61,383.49,27.20,diversified - large
15th Feb,BORORENEW,539.20,-1.46,7038.33,0.860,501.92,7.43,475.50,13.40,glass & glass products
15th Feb,GARFIBRES,3449.50,-0.348,7029.45,97.01,3435.96,0.394,3213.04,7.36,textiles - products
15th Feb,SPANDANA,985.30,0.183,7013.09,67.24,1065.89,-7.56,856.56,15.03,finance & investments
15th Feb,AVANTIFEED,512.90,0.766,6988.04,25.43,471.64,8.75,421.12,21.79,food - processing - indian
15th Feb,SURYAROSNI,642,0.266,6986.11,55.42,694.46,-7.55,513.51,25.02,steel - large
15th Feb,ZENTEC,829.65,0.393,6972.73,13.86,777.29,6.74,655.28,26.61,computers - software - medium / small
15th Feb,JINDWORLD,345.50,-0.946,6927.98,3.69,309.15,11.76,340.19,1.56,textiles - products
15th Feb,INDIASHLTR,643.90,-1.42,6893.02,33.33,NaN,NaN,NaN,NaN,finance - housing
15th Feb,EDELWEISS,72.75,3.63,6865.89,4.46,74.93,-2.91,58.45,24.47,finance & investments
15th Feb,JSWHL,6183.55,-0.265,6863.51,147.58,5447.47,13.51,4793.83,28.99,finance & investments
15th Feb,UJJIVAN,556.60,1.03,6776.61,67.46,574.06,-3.04,490.66,13.44,finance & investments
15th Feb,SHAREINDIA,1930.15,1.24,6768.18,127.92,1849.40,4.37,1480.92,30.33,finance & investments
15th Feb,SUNTECK,457.80,1.68,6706.09,-4.15,459.80,-0.436,395.92,15.63,construction
15th Feb,TCI,862.55,1.23,6699.51,42.57,852.73,1.15,788.09,9.45,miscellaneous
15th Feb,AHLUCONT,996.35,-0.350,6674.31,36.96,836.47,19.11,717.76,38.81,construction
15th Feb,MSTCLTD,945.70,3.00,6657.73,33.08,769.21,22.94,484.71,95.11,trading
15th Feb,GREENLAM,521,1.07,6646.60,11.01,538.62,-3.27,467.24,11.51,miscellaneous
15th Feb,PRINCEPIPE,598.40,1.67,6615.98,20.07,702.96,-14.87,673.34,-11.13,plastics products
15th Feb,HCC,43.65,1.87,6604.37,2.79,34.83,25.32,26.35,65.66,construction
15th Feb,DBL,450.85,-0.912,6592.10,8.81,395.63,13.96,311.13,44.91,construction
15th Feb,JKPAPER,388.70,1.66,6584.67,66.49,402.22,-3.36,369.09,5.31,paper
15th Feb,SIS,449.05,-0.022,6544.31,20.23,471.98,-4.86,440.68,1.90,miscellaneous
15th Feb,HEG,1694.85,4.13,6541.36,98.08,1802.56,-5.98,1638.73,3.42,electrodes - graphites
15th Feb,PARADEEP,80,3.56,6517.92,1.14,75.14,6.47,66.25,20.76,fertilizers
15th Feb,CSBBANK,374,0.904,6488.37,32.95,392.49,-4.71,334.54,11.80,banks - private sector
15th Feb,ISGEC,881.30,-3.25,6480.16,35.15,985.96,-10.62,764.68,15.25,engineering - turnkey services
15th Feb,GRAVITA,936.65,3.89,6466.44,34.39,1003.68,-6.68,832.70,12.48,mining / minerals / metals
15th Feb,GOCOLORS,1196.80,0.610,6463.80,15.65,1203.91,-0.591,1215.39,-1.53,textiles - products
15th Feb,IBREALEST,119.05,0.295,6448.64,-20.54,97.70,21.85,77.78,53.05,construction
15th Feb,VIJAYA,627.15,-0.072,6416.29,11.05,647.78,-3.19,524.27,19.62,healthcare
15th Feb,DEEPAKFERT,507.90,3.48,6411.62,38.23,631.44,-19.56,605.47,-16.12,chemicals
15th Feb,WOCKPHARMA,444.25,-0.959,6401.71,-34.77,435.95,1.90,284.11,56.37,pharmaceuticals - indian - bulk drugs & formln
15th Feb,GANESHHOUC,763.85,2.92,6369.52,46.45,527.20,44.89,432.90,76.45,construction
15th Feb,HEMIPROP,223.05,1.73,6356.93,-0.220,178.07,25.26,129.86,71.76,construction
15th Feb,NIITMTS,469.35,1.45,6337.47,15.80,437.06,7.39,NaN,NaN,computers - education
15th Feb,AZAD,1071.50,5.53,6333.96,141.94,NaN,NaN,NaN,NaN,engineering
15th Feb,SYMPHONY,913.35,-0.804,6298.19,16.70,909.49,0.424,888.10,2.84,domestic appliances
15th Feb,LTFOODS,181.10,-0.794,6288.75,16.69,200.93,-9.87,168.44,7.52,food - processing - indian
15th Feb,GMMPFAUDLR,1388.10,2.69,6240.51,43.66,1521.36,-8.76,1571.17,-11.65,engineering
15th Feb,NAZARA,848.75,0.432,6222.78,9.49,869.12,-2.34,766.54,10.72,computers - software - medium / small
15th Feb,JPASSOCIAT,25.35,0.198,6222.40,-4.98,21.64,17.13,13.48,88.02,construction
15th Feb,ARVINDFASN,467.40,-2.23,6214.55,7.31,453.34,3.10,362.38,28.98,trading
15th Feb,UTKARSHBNK,56.30,-3.84,6180.47,5,56.42,-0.209,NaN,NaN,banks - private sector
15th Feb,CYIENTDLM,778.10,-2.94,6170.81,7.58,678.00,14.76,NaN,NaN,electronics - components
15th Feb,NESCO,875.25,-0.222,6167.01,48.62,861.04,1.65,717.69,21.95,miscellaneous
15th Feb,ITDCEM,357.70,5.28,6144.84,12.92,303.42,17.89,222.78,60.56,construction
15th Feb,SINDHUTRAD,39.85,-1.85,6144.59,0.960,29.07,37.06,NaN,NaN,miscellaneous
15th Feb,EPL,192.85,0.052,6139.76,8.65,198.00,-2.60,199.47,-3.32,packaging
15th Feb,JAICORPLTD,343.55,5.00,6130.63,2.29,367.19,-6.44,254.82,34.82,plastics products
15th Feb,RAIN,180.80,1.54,6081.13,8.04,159.96,13.03,159.70,13.22,miscellaneous
15th Feb,TIPSINDLTD,472.25,11.97,6064.95,22.03,384.14,22.94,309.49,52.59,entertainment / electronic media software
15th Feb,ASTRAMICRO,638.75,0.165,6064.61,8.56,603.70,5.81,454.72,40.47,telecommunications - equipment
15th Feb,PAISALO,134.85,-1.46,6055.06,3.64,106.89,26.15,73.29,84.00,finance & investments
15th Feb,JAYNECOIND,62.20,4.98,6039.61,2.18,49.30,26.16,35.72,74.16,steel - large
15th Feb,BECTORFOOD,1023.20,-0.650,6018.20,22.85,1155.24,-11.43,1002.52,2.06,food - processing - indian
15th Feb,SENCO,773.90,1.55,6012.23,24.36,751.70,2.95,NaN,NaN,diamond cutting / jewellery
15th Feb,HNDFDS,532.60,-0.718,6004.68,8,547.68,-2.75,552.16,-3.54,food - processing - indian
15th Feb,DODLA,1005.70,-2.07,5983.18,23.95,896.47,12.18,721.05,39.48,food - processing - indian
15th Feb,MOIL,294,-2.63,5982.47,13.91,318.51,-7.69,235.69,24.74,mining / minerals / metals
15th Feb,ITDC,697.45,0.266,5981.99,8.02,556.61,25.30,416.71,67.37,hotels
15th Feb,ASKAUTOLTD,303.05,-0.639,5974.41,7.53,292.56,3.59,NaN,NaN,auto ancillaries
15th Feb,GUJALKALI,813,2.37,5970.42,-16.28,776.22,4.74,715.16,13.68,chlor alkali / soda ash
15th Feb,HGINFRA,915.20,0.060,5964.46,79.72,884.53,3.47,905.85,1.03,construction
15th Feb,PTC,199.35,4.45,5900.93,17.56,201.96,-1.29,144.27,38.18,trading
15th Feb,ETHOSLTD,2399.40,0.834,5873.84,32.43,2215.28,8.31,1728.63,38.80,trading
15th Feb,BLUEJET,337.40,-0.794,5852.72,10.07,359.76,-6.21,NaN,NaN,pharmaceuticals - indian - bulk drugs & formln
15th Feb,MTARTECH,1871.65,7.27,5757.12,26.76,2142.92,-12.66,2202.43,-15.02,engineering
15th Feb,RTNPOWER,10.70,0.469,5746.09,-4.19,10.15,5.39,6.86,56.06,power generation and supply
15th Feb,ROLEXRINGS,2105.95,-0.910,5735.20,65.66,2359.03,-10.73,2207.72,-4.61,auto ancillaries
15th Feb,CMSINFO,366.25,-0.799,5732.21,21.63,379.24,-3.42,363.35,0.798,miscellaneous
15th Feb,LLOYDSENGG,50.05,1.21,5717.53,0.820,46.31,8.08,39.69,26.09,engineering
15th Feb,ORCHPHARMA,1116.10,-0.246,5660.76,26.82,766.31,45.65,569.62,95.94,pharmaceuticals - indian - bulk drugs & formln
15th Feb,KPIGREEN,1405.35,-30.00,5647.88,41.34,1543.10,-8.93,991.95,41.68,power generation and supply
15th Feb,VSTIND,3627,0.167,5600.78,182.67,3538.59,2.50,3451.94,5.07,cigarettes
15th Feb,FUSION,552.90,-0.967,5585.61,49.91,595.23,-7.11,578.00,-4.34,finance & investments
15th Feb,ICRA,5711.25,-0.897,5512.06,148.24,5630.33,1.44,5450.29,4.79,miscellaneous
15th Feb,PATELENG,71.20,-0.628,5508.15,3.51,64.28,10.76,48.35,47.26,construction
15th Feb,STLTECH,137.70,3.69,5494.93,2.40,143.18,-3.83,151.27,-8.97,cables - telephone
15th Feb,MASFIN,1003.65,1.60,5486.16,43.53,929.27,8.00,848.74,18.25,finance & investments
15th Feb,IFBIND,1351.30,0.390,5475.30,7.02,1074.52,25.76,926.76,45.81,domestic appliances
15th Feb,CHOICEIN,546.95,0.932,5442.81,12.24,500.71,9.23,414.11,32.08,finance & investments
15th Feb,SANSERA,1015.25,0.376,5440.30,32.87,999.63,1.56,910.16,11.55,auto ancillaries
15th Feb,RSYSTEMS,459.50,-0.970,5436.04,11.47,520.98,-11.80,456.96,0.557,computers - software - medium / small
15th Feb,PRUDENT,1308.50,0.080,5418.06,32.71,1251.55,4.55,1135.63,15.22,finance & investments
15th Feb,ICIL,273.40,1.86,5414.81,17.20,285.08,-4.10,240.78,13.55,textiles - cotton/blended
15th Feb,ORIENTCEM,263.30,2.41,5394.19,8.50,262.70,0.227,192.69,36.64,cement - south india
15th Feb,RBA,108.20,2.95,5370.61,-4.16,115.61,-6.41,115.05,-5.95,hotels
15th Feb,GATEWAY,107.20,-2.23,5356.18,5.38,107.86,-0.613,87.91,21.95,miscellaneous
15th Feb,PURVA,225.40,-0.639,5345.35,3.19,214.43,5.11,137.62,63.79,construction
15th Feb,GOKEX,878.75,0.503,5329.75,22.09,886.26,-0.848,700.27,25.49,textiles - products
15th Feb,SUPRAJIT,384.60,-0.195,5324.18,10.77,388.68,-1.05,394.54,-2.52,auto ancillaries
15th Feb,DBCORP,298.55,4.99,5316.72,19.33,287.19,3.95,232.17,28.59,entertainment / electronic media software
15th Feb,TEAMLEASE,3144.45,2.72,5272.90,64.28,2979.66,5.53,2555.42,23.05,miscellaneous
15th Feb,AURIONPRO,2140.20,3.20,5264.93,55.29,2182.67,-1.95,1408.29,51.97,computers - software - medium / small
15th Feb,NFL,107,8.24,5249.19,2.22,100.38,6.60,78.49,36.32,fertilizers
15th Feb,VRLLOG,597.45,-2.37,5225.81,29.56,717.68,-16.75,700.81,-14.75,miscellaneous
15th Feb,KESORAMIND,168.05,0.508,5220.70,-5.33,168.59,-0.319,103.84,61.84,cement - north india
15th Feb,GALLANTT,213.30,5.00,5146.52,8.19,170.77,24.91,101.57,110.01,steel - medium / small
15th Feb,GABRIEL,357.25,0.351,5131.68,11.37,391.25,-8.69,297.22,20.20,auto ancillaries
15th Feb,PRICOLLTD,416.60,-1.28,5077.58,10.58,378.32,10.12,311.28,33.83,auto ancillaries
15th Feb,HCG,362.80,-1.04,5053.05,2.53,363.22,-0.115,343.87,5.51,healthcare
15th Feb,AGI,778.25,-0.854,5035.07,45.67,834.93,-6.79,759.82,2.43,packaging
15th Feb,SULA,596.45,-0.592,5034.02,11.14,567.25,5.15,491.34,21.39,breweries & distilleries
15th Feb,WONDERLA,889.80,0.469,5033.89,30.12,869.53,2.33,713.82,24.65,recreation / amusement parks
15th Feb,BANCOINDIA,699.20,1.25,5000.58,35.55,650.00,7.57,467.86,49.45,auto ancillaries
15th Feb,ASHOKA,176.25,2.20,4947.75,11.55,156.92,12.32,117.91,49.48,engineering - turnkey services
15th Feb,HEIDELBERG,217.45,1.21,4927.70,6.82,224.93,-3.33,192.58,12.92,cement - north india
15th Feb,AARTIDRUGS,535.95,0.196,4927.26,19.53,511.18,4.85,509.32,5.23,pharmaceuticals - indian - bulk drugs
15th Feb,TIMETECHNO,216.10,-0.575,4903.94,12.45,179.46,20.42,146.12,47.89,plastics products
15th Feb,GHCL,511.85,-1.14,4899.63,94.62,572.50,-10.59,552.80,-7.41,chemicals
15th Feb,WELENT,351.90,1.00,4870.78,25.84,337.69,4.21,268.24,31.19,construction
15th Feb,DHANUKA,1059.25,1.26,4827.88,53.75,1107.01,-4.31,871.40,21.56,pesticides / agrochemicals - indian
15th Feb,GRWRHITECH,2077.50,9.08,4826.53,81.16,1562.14,32.99,1199.87,73.14,packaging
15th Feb,JKIL,635.40,0.221,4807.79,40.02,569.80,11.51,415.75,52.83,construction
15th Feb,RALLIS,247.15,1.15,4806.30,5.19,255.66,-3.33,222.88,10.89,pesticides / agrochemicals - indian
15th Feb,PRIVISCL,1230.10,-0.614,4805.10,12.48,1213.52,1.37,1170.22,5.12,chemicals
15th Feb,GENSOL,1267.20,10,4799.25,26.97,877.89,44.35,NaN,NaN,miscellaneous
15th Feb,IIFLSEC,156.05,2.56,4794.54,13.73,149.65,4.28,96.12,62.35,finance & investments
15th Feb,PGEL,1841.85,3.98,4793.35,45.23,2170.13,-15.13,1857.71,-0.854,electronics - components
15th Feb,SANGHVIMOV,1099.40,0.096,4759.08,40.24,844.12,30.24,666.22,65.02,miscellaneous
15th Feb,TARC,161.05,-0.494,4752.53,-0.800,148.18,8.68,96.83,66.33,construction
15th Feb,BAJAJHIND,37.20,0.677,4751.78,-0.370,29.64,25.49,23.81,56.26,sugar
15th Feb,AARTIPHARM,520.45,2.78,4716.63,21.47,508.56,2.34,418.88,24.25,pharmaceuticals - indian - bulk drugs & formln
15th Feb,TIIL,2048.85,-5.29,4704.51,111.62,2423.91,-15.47,2000.58,2.41,steel - medium / small
15th Feb,FEDFINA,126.30,2.77,4659.93,6.58,136.31,-7.35,NaN,NaN,finance & investments
15th Feb,NOCIL,279.60,4.29,4659.41,7.19,268.07,4.30,235.89,18.53,chemicals
15th Feb,IPL,404,6.29,4652.61,7.81,374.96,7.74,282.53,43.00,pesticides / agrochemicals - indian
15th Feb,DYNAMATECH,6812.70,1.76,4626.81,122.81,5568.31,22.35,4299.24,58.46,engineering
15th Feb,TCIEXP,1201.60,-0.257,4606.39,36.12,1361.49,-11.74,1445.72,-16.89,miscellaneous
15th Feb,ADVENZYMES,411.40,0.305,4600.44,12.27,375.44,9.58,323.57,27.14,pharmaceuticals - indian - bulk drugs & formln
15th Feb,JAMNAAUTO,115,1.55,4586.93,6.24,112.70,2.04,110.56,4.02,auto ancillaries
15th Feb,KKCL,741.75,-0.121,4571.05,24.03,761.44,-2.59,678.69,9.29,textiles - products
15th Feb,BBOX,271.65,0.985,4561.13,7.14,273.77,-0.775,211.99,28.14,computers - software - medium / small
15th Feb,TRIL,318.05,4.98,4534.25,0.950,263.10,20.89,158.52,100.64,electric equipment
15th Feb,TI,235.35,-0.947,4527.64,8.77,245.17,-4.00,203.67,15.55,breweries & distilleries
15th Feb,BOROLTD,394.35,-0.992,4518.54,7.44,348.75,13.08,399.38,-1.26,glass & glass products
15th Feb,FCL,407.40,2.76,4511.89,9.48,352.25,15.66,315.28,29.22,chemicals
15th Feb,SHARDAMOTR,1511.20,-1.52,4493.04,91.94,1335.03,13.20,1022.33,47.82,auto ancillaries
15th Feb,WABAG,722.05,-0.069,4490.46,11.28,644.71,12.00,528.63,36.59,engineering
15th Feb,BALMLAWRIE,260.85,2.03,4460.64,13.59,233.73,11.60,166.40,56.76,diversified - large
15th Feb,GULFOILLUB,902.95,5.57,4431.02,57.74,752.89,19.93,587.26,53.76,chemicals
15th Feb,GREENPANEL,359.45,-0.732,4407.84,14.82,389.07,-7.61,357.32,0.597,miscellaneous
15th Feb,KIRLPNU,674.35,-0.355,4366.79,16.28,626.98,7.55,619.99,8.77,compressors / drilling equipment
15th Feb,HATHWAY,24.60,2.07,4354.46,0.290,23.00,6.93,18.39,33.78,telecommunications - service provider
15th Feb,HGS,931.15,-0.118,4331.74,21.77,976.02,-4.60,1020.29,-8.74,computers - software - medium / small
15th Feb,TDPOWERSYS,277.35,-0.663,4331.38,7.99,277.76,-0.146,251.39,10.33,electric equipment
15th Feb,JTLIND,251.95,-0.297,4311.21,10.76,244.47,3.06,207.42,21.47,steel - medium / small
15th Feb,RAMKY,614.60,-1.86,4252.90,191.84,777.53,-20.95,577.21,6.48,construction
15th Feb,DCBBANK,135,1.50,4213.55,16.77,138.13,-2.26,123.17,9.60,banks - private sector
15th Feb,WSTCSTPAPR,634,1.81,4187.50,128.76,709.90,-10.69,628.24,0.917,paper
15th Feb,EPIGRAL,1007.80,1.24,4187.42,47,986.54,2.15,973.67,3.50,chlor alkali / soda ash
15th Feb,ORISSAMINE,6976.50,1.37,4185.90,-17.58,7091.25,-1.62,5200.67,34.15,mining / minerals / metals
15th Feb,SAMHI,191.30,-3.92,4171.02,-29.92,182.48,4.83,NaN,NaN,hotels
15th Feb,ROSSARI,746.50,0.451,4123.41,22.75,790.87,-5.61,797.52,-6.40,chemicals
15th Feb,KIRLOSIND,4131.30,1.75,4086.65,175.03,3749.76,10.18,3310.65,24.79,finance & investments
15th Feb,YATHARTH,474.60,0.668,4074.45,13.18,388.98,22.01,NaN,NaN,healthcare
15th Feb,ORIENTELEC,190.25,-1.32,4059.29,4.08,220.34,-13.66,227.43,-16.35,domestic appliances
15th Feb,AMIORG,1098.95,0.014,4052.99,12.20,1130.51,-2.79,1184.90,-7.25,pharmaceuticals - indian - bulk drugs
15th Feb,SUBROS,620.85,3.35,4050.16,13.11,602.00,3.13,444.23,39.76,auto ancillaries
15th Feb,SSWL,257.15,-1.17,4035.44,13.18,267.57,-3.89,240.22,7.05,auto ancillaries
15th Feb,JISLJALEQS,60.10,1.61,4011.48,16.54,63.20,-4.90,55.16,8.95,plastics products
15th Feb,UNITECH,15.30,4.79,4002.94,-9.59,11.12,37.60,4.40,247.91,construction
15th Feb,SHANTIGEAR,521.20,0.395,3998.43,9.91,550.12,-5.26,476.71,9.33,engineering
15th Feb,MUTHOOTMF,234.35,-0.213,3995.48,31.11,NaN,NaN,NaN,NaN,finance & investments
15th Feb,MAXESTATES,271.25,-0.331,3991.02,-3.07,301.07,-9.90,NaN,NaN,construction
15th Feb,DISHTV,21.50,7.23,3958.70,-8.81,20.34,5.70,18.14,18.53,entertainment / electronic media software
15th Feb,EMUDHRA,475.40,1.07,3936.87,9.21,453.60,4.81,447.64,6.20,computers - software - medium / small
15th Feb,SUDARSCHEM,567.55,6.81,3928.99,48,523.73,8.37,489.12,16.04,dyes and pigments
15th Feb,SUNDARMHLD,176.25,4.44,3914.58,16.31,164.62,7.07,127.52,38.21,finance & investments
15th Feb,VMART,1978.30,-3.64,3912.41,-47.95,2028.00,-2.45,2042.47,-3.14,trading
15th Feb,LAOPALA,349.25,2.78,3876.68,12.01,365.21,-4.37,408.63,-14.53,glass & glass products
15th Feb,SUNFLAG,214.85,6.70,3872.01,7.78,217.07,-1.02,195.73,9.77,steel - medium / small
15th Feb,KSCL,675.25,1.95,3776.12,56.52,647.50,4.29,587.33,14.97,miscellaneous
15th Feb,UNICHEMLAB,533.70,-1.07,3757.55,2.08,454.93,17.32,412.70,29.32,pharmaceuticals - indian - bulk drugs & formln
15th Feb,HMAAGRO,74.85,-0.399,3748.26,14.30,72.43,3.34,NaN,NaN,food - processing - indian
15th Feb,JTEKTINDIA,147.30,-1.93,3745.55,3.43,156.20,-5.70,142.66,3.25,auto ancillaries
15th Feb,IMAGICAA,77.55,-0.513,3737.13,7.53,65.85,17.77,53.96,43.71,recreation / amusement parks
15th Feb,DELTACORP,139.25,0.433,3728.71,8.33,143.65,-3.06,175.47,-20.64,recreation / amusement parks
15th Feb,MUFIN,242.45,1.49,3727.31,2.47,184.96,31.09,NaN,NaN,finance & investments
15th Feb,KALAMANDIR,242,1.47,3711.46,7.23,261.35,-7.40,NaN,NaN,trading
15th Feb,BHARATRAS,8911.65,0.964,3703.03,141.15,9120.43,-2.29,9295.48,-4.13,pesticides / agrochemicals - indian
15th Feb,THANGAMAYL,1348.70,-1.49,3700.72,78.60,1385.60,-2.66,1144.21,17.87,diamond cutting / jewellery
15th Feb,LGBBROSLTD,1176.30,2.66,3692.69,82.15,1276.50,-7.85,1078.19,9.10,auto ancillaries
15th Feb,BOMDYEING,177.85,3.37,3673.22,127.63,162.07,9.74,134.33,32.39,textiles - manmade
15th Feb,GREAVESCOT,158.15,1.80,3669.08,-4.79,153.00,3.36,141.36,11.88,engines
15th Feb,PFOCUS,121.80,1.04,3648.36,-7.27,116.72,4.35,103.06,18.18,entertainment / electronic media software
15th Feb,INOXGREEN,124.20,3.63,3646.59,0.200,119.10,4.28,76.12,63.16,engineering - turnkey services
15th Feb,BCG,18,0.279,3633.34,7.01,19.41,-7.28,20.11,-10.50,computers - software - medium / small
15th Feb,KOLTEPATIL,476.25,-1.27,3619.71,9.83,512.50,-7.07,438.05,8.72,construction
15th Feb,HARSHA,397.25,-0.613,3616.73,11.78,398.95,-0.426,420.66,-5.56,auto ancillaries
15th Feb,DCXINDIA,323.75,-2.26,3606.14,8.67,351.93,-8.01,294.15,10.06,electronics - components
15th Feb,NUCLEUS,1329.25,-5.00,3558.84,77.35,1519.94,-12.55,1207.96,10.04,computers - software - medium / small
15th Feb,LUXIND,1176.40,-0.997,3537.63,34.98,1282.76,-8.29,1418.86,-17.09,textiles - composite
15th Feb,HIKAL,286.45,1.00,3531.95,5.81,294.87,-2.86,294.77,-2.82,pharmaceuticals - indian - bulk drugs
15th Feb,IMFA,654.30,4.30,3530.22,69.01,537.62,21.70,412.16,58.75,mining / minerals / metals
15th Feb,NEOGEN,1337.25,2.15,3527.89,13.22,1450.05,-7.78,1570.96,-14.88,chemicals
15th Feb,MEDIASSIST,508.20,4.10,3499.43,3.60,NaN,NaN,NaN,NaN,miscellaneous
15th Feb,DATAMATICS,590,1.81,3481.24,34.84,708.07,-16.67,599.47,-1.58,computers - software - medium / small
15th Feb,KSL,796.95,1.58,3478.93,58.32,568.62,40.15,462.34,72.37,steel - medium / small
15th Feb,NAVNETEDUL,152.75,2.38,3455.41,7.99,150.09,1.77,143.02,6.80,printing & stationery
15th Feb,APOLLO,122.30,3.47,3453.25,4.25,121.20,0.905,77.71,57.38,electronics - components
15th Feb,SEQUENT,137.75,1.18,3435.95,-5.18,128.50,7.20,100.58,36.95,pharmaceuticals - indian - bulk drugs & formln
15th Feb,HLEGLAS,502.95,0.349,3433.41,7.17,539.19,-6.72,579.47,-13.20,engineering
15th Feb,INDOCO,372.10,2.41,3428.91,10.93,381.39,-2.44,345.77,7.61,pharmaceuticals - indian - bulk drugs & formln
15th Feb,SHARDACROP,379.25,1.38,3421.61,9.67,420.04,-9.71,453.21,-16.32,pesticides / agrochemicals - indian
15th Feb,PILANIINVS,3062.60,2.35,3390.99,189.74,3081.96,-0.628,2348.83,30.39,finance & investments
15th Feb,ESAFSFB,65.40,1.08,3366.66,9.55,69.48,-5.87,NaN,NaN,banks - private sector
15th Feb,KAUSHALYA,967.35,-2.00,3349.99,4.73,168.20,475.12,46.27,1990.53,hotels
15th Feb,ASHAPURMIN,364.35,-2.36,3333.30,28.26,421.06,-13.47,272.46,33.72,mining / minerals / metals
15th Feb,RAJRATAN,653.90,2.48,3319.92,14.16,725.59,-9.88,760.97,-14.07,steel - medium / small
15th Feb,SAGCEM,253.15,-0.236,3308.86,2.70,269.19,-5.96,237.36,6.65,cement - south india
15th Feb,TASTYBITE,12868,-0.119,3301.93,187.24,13910.36,-7.49,14333.28,-10.22,food - processing - indian
15th Feb,BBL,5812.55,0.261,3285.00,194.24,4736.26,22.72,3825.24,51.95,electric equipment
15th Feb,KDDL,2618.15,0.830,3282.41,71.50,2756.13,-5.01,2042.03,28.21,miscellaneous
15th Feb,CARTRADE,700.10,2.18,3280.03,1.43,721.77,-3.00,602.76,16.15,miscellaneous
15th Feb,PRAKASH,182.95,1.19,3276.30,17.72,183.91,-0.524,127.30,43.72,steel - medium / small
15th Feb,SEPC,23.85,-1.24,3270.86,-0.040,22.70,5.07,16.13,47.82,engineering - turnkey services
15th Feb,CARERATING,1097.35,0.032,3267.13,32.31,993.94,10.40,837.62,31.01,miscellaneous
15th Feb,SHILPAMED,373.25,0.054,3239.88,-0.070,349.92,6.67,327.27,14.05,pharmaceuticals - indian - formulations
15th Feb,TVSSRICHAK,4209.55,-1.10,3223.27,139.14,4448.04,-5.36,3623.00,16.19,tyres
15th Feb,GUFICBIO,321.20,-2.98,3220.91,8.49,330.61,-2.85,275.18,16.73,pharmaceuticals - indian - bulk drugs & formln
15th Feb,SHALBY,297.95,-0.700,3218.15,7.58,306.07,-2.65,235.35,26.60,healthcare
15th Feb,DCAL,205.20,6.57,3217.19,-3.04,182.82,12.24,156.72,30.93,pharmaceuticals - indian - bulk drugs & formln
15th Feb,THYROCARE,605.40,1.43,3205.76,12.24,631.75,-4.17,557.29,8.63,healthcare
15th Feb,AVALON,487.60,2.71,3200.41,7.17,524.43,-7.02,519.23,-6.09,electronics - components
15th Feb,DALMIASUG,393.65,-0.417,3186.18,37.72,402.51,-2.20,400.56,-1.73,sugar
15th Feb,NRBBEARING,328,1.44,3179.06,24.92,335.71,-2.30,256.58,27.84,bearings
15th Feb,GOODLUCK,995.90,0.226,3164.36,44.95,998.29,-0.240,696.87,42.91,steel - medium / small
15th Feb,VENUSPIPES,1558.15,6.90,3162.44,36.90,1402.56,11.09,1295.53,20.27,steel - medium / small
15th Feb,GMRP&UI,52.15,3.68,3147.75,-12.23,52.05,0.192,33.14,57.38,engineering - turnkey services
15th Feb,PFS,48.75,0.932,3131.13,2.85,46.33,5.23,29.95,62.77,finance & investments
15th Feb,BANARISUG,2494.45,1.60,3127.97,143.86,2494.77,-0.013,2653.36,-5.99,sugar
15th Feb,SBCL,541.50,-0.697,3119.27,13.86,564.59,-4.09,569.40,-4.90,mining / minerals / metals
15th Feb,HINDWAREAP,429.25,1.38,3103.32,6.59,487.28,-11.91,515.30,-16.70,trading
15th Feb,UFLEX,428.30,-0.649,3092.82,-58.05,466.56,-8.20,439.36,-2.52,packaging
15th Feb,ZAGGLE,253,5.77,3089.05,3.30,229.37,10.30,NaN,NaN,computers - software - medium / small
15th Feb,BAJAJCON,216.30,1.05,3085.00,11.19,218.92,-1.20,215.68,0.289,personal care - indian
15th Feb,PARAGMILK,262.60,-0.793,3082.29,8.80,230.25,14.05,182.66,43.77,food - processing - indian
15th Feb,LUMAXTECH,451.55,0.067,3077.66,15.36,389.86,15.83,367.55,22.85,auto ancillaries
15th Feb,SEAMECLTD,1209.90,-0.095,3076.17,24.85,1072.27,12.84,796.76,51.85,shipping
15th Feb,ACCELYA,2057,4.28,3070.33,87.67,1621.54,26.85,1474.15,39.54,computers - software - medium / small
15th Feb,FIEMIND,2332.50,0.112,3069.53,119.70,2233.30,4.44,1941.18,20.16,auto ancillaries
15th Feb,SAKSOFT,289.35,-3.08,3068.30,9.75,315.53,-8.30,312.58,-7.43,computers - software - medium / small
15th Feb,LANDMARK,746.30,0.702,3068.12,17.36,808.07,-7.64,746.33,-0.004,trading
15th Feb,MAITHANALL,1052.80,2.05,3064.86,104.80,1141.87,-7.80,1062.47,-0.910,mining / minerals / metals
15th Feb,ASHIANA,304.80,0.727,3064.00,7.62,286.01,6.57,225.95,34.90,construction
15th Feb,INNOVACAP,533.25,-2.40,3051.52,16.42,NaN,NaN,NaN,NaN,pharmaceuticals - indian - bulk drugs & formln
15th Feb,VINDHYATEL,2555.55,-0.111,3028.55,232.60,2390.57,6.90,2207.83,15.75,construction
15th Feb,SUNCLAY,1494.75,-1.14,3024.19,-53.53,NaN,NaN,NaN,NaN,auto ancillaries
15th Feb,AXISCADES,722.65,0.305,3019.25,5.81,719.10,0.494,541.68,33.41,computers - software - medium / small
15th Feb,JCHAC,1103.80,-0.800,3001.33,-46.20,1157.57,-4.65,1135.02,-2.75,air-conditioners
15th Feb,IDEAFORGE,698.20,-0.064,2993.59,7.11,777.59,-10.21,NaN,NaN,engineering
15th Feb,SUPRIYA,371.80,3.39,2992.35,14.96,305.31,21.78,269.33,38.05,pharmaceuticals - indian - bulk drugs & formln
15th Feb,NILKAMAL,1999.65,0.548,2983.98,90.43,2177.14,-8.15,2293.01,-12.79,plastics products
15th Feb,GIPCL,197.10,0.127,2981.16,13.04,189.04,4.26,140.41,40.38,power generation and supply
15th Feb,MOLDTKPAC,898.60,0.245,2980.19,22.24,877.09,2.45,935.68,-3.96,plastics products
15th Feb,FILATEX,67.05,4.85,2976.05,2.13,54.23,23.64,46.12,45.38,textiles - manmade
15th Feb,HERITGFOOD,319.70,0.125,2966.69,9.05,295.38,8.23,245.01,30.49,food - processing - indian
15th Feb,MTNL,47.05,9.93,2964.15,-51.30,37.45,25.63,27.09,73.69,telecommunications - service provider
15th Feb,GREENPLY,239.60,0.146,2963.62,4.27,233.65,2.55,186.04,28.79,miscellaneous
15th Feb,SKIPPER,288.10,0.594,2957.93,7.81,252.71,14.00,205.31,40.33,engineering
15th Feb,SANDHAR,490,0.472,2949.34,16.47,482.25,1.61,388.73,26.05,auto ancillaries
15th Feb,APOLLOPIPE,748.75,1.33,2944.70,12.95,694.10,7.87,687.51,8.91,plastics products
15th Feb,AUTOAXLES,1947.55,0.154,2943.13,114.39,2130.60,-8.59,2221.18,-12.32,auto ancillaries
15th Feb,REPCOHOME,470,-1.41,2940.38,61.80,416.23,12.92,360.15,30.50,finance - housing
15th Feb,FLAIR,277.75,2.02,2927.36,12.52,343.70,-19.19,NaN,NaN,printing & stationery
15th Feb,POLYPLEX,928.25,-3.63,2914.01,22.65,1036.23,-10.42,1176.64,-21.11,packaging
15th Feb,SHK,209.75,-0.451,2903.38,6.71,167.84,24.97,143.51,46.16,chemicals
15th Feb,SANGHIIND,112.35,1.90,2902.29,-20.77,126.51,-11.19,104.69,7.32,cement - north india
15th Feb,ISMTLTD,95,1.06,2854.76,5.40,94.76,0.258,83.67,13.54,steel - medium / small
15th Feb,SWARAJENG,2343.10,-2.97,2846.22,113.33,2355.93,-0.545,2103.57,11.39,engines
15th Feb,TATVA,1216.55,-1.53,2845.76,16.85,1472.50,-17.38,1599.69,-23.95,chemicals
15th Feb,PARACABLES,94.25,3.01,2843.38,3.06,92.68,1.69,61.15,54.12,cables - power
15th Feb,MAHLOG,393.60,4.89,2835.34,-5.93,408.77,-3.71,383.30,2.69,miscellaneous
15th Feb,KCP,219.65,-0.159,2831.75,12.80,172.88,27.05,132.98,65.17,cement - south india
15th Feb,PARAS,724,0.326,2823.60,8.43,749.54,-3.41,683.08,5.99,engineering
15th Feb,GTLINFRA,2.20,-4.35,2817.54,-0.950,1.68,31.19,1.09,101.97,telecommunications - equipment
15th Feb,SOTL,406.90,-0.282,2811.70,29.87,366.83,10.92,325.37,25.06,petrochemicals
15th Feb,DIAMONDYD,1177.60,-3.45,2809.71,21.69,1158.53,1.65,926.60,27.09,food - processing - indian
15th Feb,DEN,58.80,-0.927,2806.08,5.64,59.16,-0.615,46.45,26.60,entertainment / electronic media software
15th Feb,SATIN,253.15,2.95,2796.57,44.19,256.13,-1.16,219.05,15.57,finance & investments
15th Feb,VSTTILLERS,3236.60,1.53,2796.27,61.72,3530.24,-8.32,3324.90,-2.66,automobiles - tractors
15th Feb,TIDEWATER,1603.10,-0.100,2793.24,79.07,1448.90,10.64,1182.58,35.56,chemicals
15th Feb,SOMANYCERA,681.15,0.620,2792.96,21.28,710.88,-4.18,688.05,-1.00,ceramics - tiles / sanitaryware
15th Feb,CARYSIL,1034.30,-3.59,2773.57,20.44,893.87,15.71,729.02,41.88,ceramics - tiles / sanitaryware
15th Feb,EMSLIMITED,497.90,-0.629,2764.88,29.12,470.76,5.76,NaN,NaN,construction
15th Feb,SHAKTIPUMP,1495.15,3.14,2748.11,29.54,1152.61,29.72,854.90,74.89,pumps
15th Feb,CIGNITITEC,1006.50,1.19,2747.75,68.82,1049.08,-4.06,923.95,8.93,computers - software - medium / small
15th Feb,INDIAGLYCO,886.40,0.493,2744.43,55.11,836.35,5.99,708.90,25.04,breweries & distilleries
15th Feb,GANECOS,1081.05,3.53,2740.14,15.77,1008.21,7.22,1005.49,7.51,textiles - processing
15th Feb,CUPID,2045.15,4.85,2727.82,18.36,1451.62,40.89,668.46,205.95,miscellaneous
15th Feb,BAJEL,236.55,4.99,2722.74,-0.250,NaN,NaN,NaN,NaN,engineering - turnkey services
15th Feb,HINDOILEXP,205.70,11.49,2720.24,19.84,177.50,15.89,182.30,12.84,oil drilling / allied services
15th Feb,ANUP,2740.40,1.94,2716.05,80.16,2812.26,-2.56,2187.62,25.27,engineering
15th Feb,DOLLAR,478.65,0.875,2714.72,10.16,454.37,5.34,416.94,14.80,textiles - products
15th Feb,STYLAMIND,1599.90,-1.27,2711.52,69.42,1682.01,-4.88,1659.45,-3.59,miscellaneous
15th Feb,BFUTILITIE,714.30,1.81,2690.60,36.65,625.38,14.22,537.68,32.85,power generation and supply
15th Feb,RPGLIFE,1623.45,5.29,2685.03,51.26,1466.63,10.69,1208.12,34.38,pharmaceuticals - indian - bulk drugs & formln
15th Feb,QUICKHEAL,502.55,3.01,2678.82,0.670,417.35,20.41,270.44,85.83,computers - software - medium / small
15th Feb,DREAMFOLKS,503.85,-0.582,2671.71,14.46,540.24,-6.74,555.11,-9.23,miscellaneous
15th Feb,VAKRANGEE,25.20,-1.18,2669.97,0.020,21.99,14.62,18.38,37.11,computers - software - converts
15th Feb,CONFIPET,91.35,-1.67,2641.40,4.13,90.62,0.804,81.67,11.86,miscellaneous
15th Feb,YATRA,168.20,-3.05,2639.33,-0.280,158.51,6.11,NaN,NaN,travel agencies
15th Feb,JINDALPOLY,602.10,-2.66,2636.38,-84.86,637.08,-5.49,653.09,-7.81,textiles - products
15th Feb,PSPPROJECT,730.95,2.07,2631.42,42.62,755.06,-3.19,761.16,-3.97,construction
15th Feb,STYRENIX,1492.50,0.882,2624.65,94.53,1521.17,-1.88,1219.43,22.39,petrochemicals
15th Feb,OPTIEMUS,303.05,-1.70,2601.90,5.80,313.59,-3.36,274.75,10.30,trading
15th Feb,VADILALIND,3611.55,0.766,2595.92,204.64,2721.03,32.73,2624.27,37.62,food - processing - indian
15th Feb,MPSLTD,1517.05,2.07,2595.04,71.90,1640.37,-7.52,1433.10,5.86,computers - software - medium / small
15th Feb,SANGAMIND,513.40,3.01,2579.66,12.26,448.73,14.41,343.49,49.47,textiles - spinning - synthetic / blended
15th Feb,HUHTAMAKI,341,0.828,2575.30,54.24,315.68,8.02,280.84,21.42,packaging
15th Feb,FINOPB,308.85,3.83,2570.07,9.99,292.86,5.46,287.83,7.30,banks - private sector
15th Feb,WENDT,12822.90,-0.193,2564.58,201.80,13711.16,-6.48,12473.84,2.80,abrasives and grinding wheels
15th Feb,MOREPENLAB,50.15,-1.47,2563.51,1.50,48.45,3.50,37.23,34.71,pharmaceuticals - indian - bulk drugs & formln
15th Feb,AJMERA,721.15,5.92,2558.99,25.11,518.50,39.08,408.67,76.46,construction
15th Feb,TARSONS,480.55,0.502,2556.83,10.39,502.80,-4.43,532.51,-9.76,miscellaneous
15th Feb,ARVSMART,563.85,1.02,2554.92,7.80,483.19,16.69,381.29,47.88,construction
15th Feb,PRECWIRE,142.80,0.919,2551.24,3.57,130.84,9.14,108.18,32.00,mining / minerals / metals
15th Feb,SIGACHI,81.20,4.04,2536.89,11.36,65.86,23.28,42.62,90.53,pharmaceuticals - indian - bulk drugs & formln
15th Feb,TCNSBRANDS,399.55,-0.819,2525.59,-39.75,392.10,1.90,397.50,0.514,textiles - products
15th Feb,EVEREADY,347.05,0.029,2522.61,6.10,349.51,-0.703,353.42,-1.80,dry cells
15th Feb,BEPL,101.25,0.198,2519.69,6.45,105.34,-3.88,93.93,7.79,petrochemicals
15th Feb,DHANI,40.85,3.94,2500.62,-8.35,39.90,2.38,39.06,4.59,finance & investments
15th Feb,ALEMBICLTD,97.35,-3.80,2499.77,8.92,94.30,3.23,81.08,20.07,construction
15th Feb,MANINDS,414.05,5.00,2488.57,18.01,336.88,22.91,212.37,94.97,steel - medium / small
15th Feb,BARBEQUE,635.30,0.071,2480.67,-6.20,642.30,-1.09,661.66,-3.98,hotels
15th Feb,PCJEWELLER,53,4.95,2466.64,-14.47,49.76,6.52,33.32,59.06,diamond cutting / jewellery
15th Feb,DIVGIITTS,805.45,0.099,2463.30,14.73,953.33,-15.51,937.86,-14.12,auto ancillaries
15th Feb,GANDHAR,251.20,7.17,2458.49,18.76,264.23,-4.93,NaN,NaN,refineries
15th Feb,INDOSTAR,180.30,-1.04,2453.51,11.50,183.49,-1.74,168.12,7.24,finance & investments
15th Feb,UNIPARTS,543.20,-0.776,2451.67,31.94,565.39,-3.92,580.42,-6.41,engineering
15th Feb,UGROCAP,264.70,-0.339,2451.12,11.82,272.65,-2.92,263.75,0.360,finance & investments
15th Feb,APCOTEXIND,470.70,2.85,2440.34,11.92,497.74,-5.43,512.30,-8.12,miscellaneous
15th Feb,VENKEYS,1732.10,-3.22,2440.07,50.26,1945.13,-10.95,1889.91,-8.35,miscellaneous
15th Feb,MUKANDLTD,167.85,-0.208,2425.36,13.77,184.02,-8.79,159.87,4.99,steel - large
15th Feb,SASKEN,1604.45,-0.317,2414.84,52.22,1419.65,13.02,1117.88,43.53,computers - software - medium / small
15th Feb,IOLCP,411.25,1.09,2414.26,29.22,449.42,-8.49,432.96,-5.01,pharmaceuticals - indian - bulk drugs & formln
15th Feb,GREENPOWER,24.55,-4.66,2407.68,0.550,24.37,0.726,16.09,52.58,power generation and supply
15th Feb,BSHSL,228.55,-2.02,2398.34,2.01,259.98,-12.09,268.09,-14.75,miscellaneous
15th Feb,XPROINDIA,1159.95,-1.63,2397.88,18.40,1116.94,3.85,951.98,21.85,plastics products
15th Feb,KINGFA,1978.20,1.45,2395.69,103.70,2207.39,-10.38,2155.80,-8.24,plastics products
15th Feb,VPRPL,191.05,1.06,2381.32,9.73,212.34,-10.03,NaN,NaN,construction
15th Feb,HLVLTD,36,-0.415,2373.34,0.360,31.03,16.02,20.13,78.80,hotels
15th Feb,THEJO,2207.05,9.33,2370.21,44.64,1888.80,16.85,NaN,NaN,engineering
15th Feb,IRMENERGY,577.15,4.94,2369.76,25.01,525.16,9.90,NaN,NaN,miscellaneous
15th Feb,ARTEMISMED,172.95,-1.14,2349.71,3.36,178.81,-3.28,140.21,23.35,healthcare
15th Feb,GLOBUSSPR,811.55,0.167,2339.07,45.84,841.63,-3.57,944.77,-14.10,breweries & distilleries
15th Feb,SIYSIL,511.90,0.530,2322.49,43.62,533.69,-4.08,542.53,-5.65,textiles - processing
15th Feb,DPSCLTD,23.75,4.86,2312.75,0.110,20.77,14.33,16.20,46.59,power generation and supply
15th Feb,63MOONS,501.40,4.99,2310.38,41.38,471.90,6.25,313.97,59.70,computers - software - medium / small
15th Feb,SUVEN,105.60,-2.31,2302.86,-4.77,98.70,6.99,75.40,40.05,pharmaceuticals - indian - bulk drugs & formln
15th Feb,BHARATWIRE,338.45,-0.588,2301.54,13.46,337.00,0.431,251.37,34.64,steel - medium / small
15th Feb,FOSECOIND,3599.10,0.220,2298.55,107.93,3703.45,-2.82,3269.90,10.07,chemicals
15th Feb,MONARCH,678.40,2.10,2297.71,28.68,516.62,31.31,371.33,82.69,finance & investments
15th Feb,TIRUMALCHM,223.65,5.02,2289.91,-3.04,225.99,-1.04,208.01,7.52,chemicals
15th Feb,IKIO,295.35,1.69,2282.49,8.84,328.50,-10.09,NaN,NaN,electric equipment
15th Feb,ARMANFIN,2325,1.10,2268.94,185.41,2407.86,-3.44,2181.36,6.58,finance & investments
15th Feb,HONDAPOWER,2235.45,1.16,2267.43,81.06,2382.88,-6.19,2454.95,-8.94,electric equipment
15th Feb,GTPL,201.55,2.47,2266.69,7.31,189.41,6.41,155.43,29.67,entertainment / electronic media software
15th Feb,SMLISUZU,1561.35,2.10,2259.53,56.92,1384.19,12.80,1238.92,26.02,automobiles - lcvs / hcvs
15th Feb,MAYURUNIQ,513.70,-0.058,2257.85,25.86,550.88,-6.75,526.12,-2.36,plastics products
15th Feb,UDS,338.30,-2.54,2256.55,9.36,327.88,3.18,NaN,NaN,miscellaneous
15th Feb,EIHAHOTELS,740,3.70,2254.64,23.10,558.50,32.50,501.13,47.67,hotels
15th Feb,MMFL,932.35,-2.64,2250.77,53.35,945.95,-1.44,916.97,1.68,castings & forgings
15th Feb,CAPACITE,265.25,3.13,2244.12,12.69,266.59,-0.501,222.84,19.03,construction
15th Feb,MANORAMA,1872.35,0.532,2231.81,31.54,1955.26,-4.24,1827.80,2.44,food - processing - indian
15th Feb,BCLIND,83.15,12.21,2231.33,26.20,71.13,16.90,54.92,51.39,solvent extraction
15th Feb,KRSNAA,690,-0.490,2227.99,18.13,704.67,-2.08,623.31,10.70,healthcare
15th Feb,ORIENTHOT,124.60,-1.42,2225.35,2.85,124.65,-0.038,100.36,24.16,hotels
15th Feb,RIIL,1472.15,8.55,2222.95,14.02,1351.02,8.97,1075.23,36.91,miscellaneous
15th Feb,JAGRAN,102,3.19,2220.07,8.33,99.00,3.03,94.28,8.18,entertainment / electronic media software
15th Feb,HPL,345.05,9.99,2218.69,5.53,270.84,27.40,201.32,71.40,electric equipment
15th Feb,LUMAXIND,2364.40,2.87,2210.18,102.38,2481.51,-4.72,2274.61,3.95,auto ancillaries
15th Feb,TAJGVK,349.40,-1.72,2190.79,12.79,257.08,35.91,242.42,44.13,hotels
15th Feb,ATFL,898.55,2.25,2189.70,5.77,853.10,5.33,829.04,8.38,food - processing - indian
15th Feb,SUBEXLTD,38.85,-0.129,2183.38,-1.50,37.37,3.97,32.90,18.09,computers - software - medium / small
15th Feb,GOCLCORP,439.35,-5.21,2177.97,11.52,505.79,-13.14,445.06,-1.28,chemicals
15th Feb,THEMISMED,236.60,7.01,2177.38,42,210.24,12.54,170.81,38.52,pharmaceuticals - indian - bulk drugs & formln
15th Feb,DREDGECORP,777.20,4.29,2176.16,16.99,685.44,13.39,484.08,60.55,miscellaneous
15th Feb,IFGLEXPOR,603.25,2.59,2174.07,27.34,765.57,-21.20,530.57,13.70,refractories / intermediates
15th Feb,GOLDIAM,203.15,-1.22,2169.54,8.31,178.19,14.01,145.35,39.77,diamond cutting / jewellery
15th Feb,RUPA,271.65,0.555,2160.28,8.09,271.93,-0.103,267.09,1.71,textiles - products
15th Feb,SHRIRAMPPS,126.80,-0.510,2156.22,4.14,126.04,0.602,92.07,37.72,construction
15th Feb,MBAPL,243.55,-1.08,2134.15,10.75,279.67,-12.92,296.01,-17.72,fertilizers
15th Feb,PRECAM,224.50,0.695,2132.43,5.07,245.51,-8.56,231.12,-2.86,auto ancillaries
15th Feb,SHAILY,462.65,2.49,2122.06,39.53,352.90,31.10,322.36,43.52,plastics products
15th Feb,ADFFOODS,193,1.61,2120.37,17.41,200.06,-3.53,205.87,-6.25,food - processing - indian
15th Feb,TTKHLTCARE,1499.40,1.21,2118.70,43.54,1420.60,5.55,1280.28,17.11,diversified - medium / small
15th Feb,ANDHRAPAP,531.60,2.29,2114.18,114.47,585.48,-9.20,516.89,2.85,paper
15th Feb,HIL,2803.60,1.20,2114.17,52.43,2873.71,-2.44,2887.27,-2.90,cement products
15th Feb,EXPLEOSOL,1361.75,-0.985,2113.40,65.76,1355.68,0.448,1424.95,-4.44,computers - software - medium / small
15th Feb,MOL,82.80,0.791,2105.72,-1.33,82.53,0.330,81.79,1.24,pesticides / agrochemicals - indian
15th Feb,SERVOTECH,99,4.93,2105.28,1.16,83.05,19.21,76.32,29.72,electric equipment
15th Feb,VIDHIING,420.05,-0.967,2097.94,6.97,418.57,0.354,407.73,3.02,dyes and pigments
15th Feb,SESHAPAPER,332,2.64,2093.86,55.05,349.49,-5.00,322.48,2.95,paper
15th Feb,HITECH,145.25,-0.309,2085.59,3.80,129.93,11.79,96.26,50.89,steel - medium / small
15th Feb,TCPLPACK,2289.20,2.12,2083.17,106.23,2181.51,4.94,1913.79,19.62,packaging
15th Feb,PITTIENG,649.15,1.84,2080.53,23.31,680.82,-4.65,559.04,16.12,engineering
15th Feb,GVKPIL,13.15,-5.05,2076.66,0.530,12.27,7.16,7.24,81.51,engineering - turnkey services
15th Feb,JINDRILL,715,0.825,2072.15,26.33,756.33,-5.46,557.59,28.23,oil drilling / allied services
15th Feb,JASH,1712.50,1.41,2060.13,50.74,1607.91,6.50,1354.87,26.40,engineering
15th Feb,CENTUM,1598.35,7.70,2060.02,23.27,1480.18,7.98,1369.54,16.71,electronics - components
15th Feb,RPSGVENT,696.20,0.680,2054.58,-22.26,748.49,-6.99,591.65,17.67,computers - software - medium / small
15th Feb,FMGOETZE,368.60,0.054,2050.60,21.26,369.51,-0.246,361.83,1.87,auto ancillaries
15th Feb,RAMASTEEL,40.20,-4.96,2050.01,1.36,40.03,0.427,37.92,6.00,steel - medium / small
15th Feb,RAMCOIND,235.40,-0.021,2043.49,14.38,230.55,2.10,192.00,22.60,cement products
15th Feb,SDBL,263.60,0.630,2043.18,10.82,282.01,-6.53,289.18,-8.85,breweries & distilleries
15th Feb,NITINSPIN,363.10,0.276,2041.35,23.28,342.65,5.97,294.45,23.32,textiles - cotton/blended
15th Feb,SIRCA,369.15,1.05,2023.27,8.83,396.20,-6.83,373.19,-1.08,trading
15th Feb,PANAMAPET,334.25,3.80,2022.00,30.58,330.69,1.08,311.50,7.30,petrochemicals
15th Feb,GENESYS,511.55,6.88,2018.50,0.990,464.50,10.13,363.18,40.85,computers - software - medium / small
15th Feb,BFINVEST,532.40,1.07,2005.42,79.01,535.98,-0.668,468.11,13.73,finance & investments